BUSINESSOPERATOR;DetailURL;StreetNumber;Street;TOTALOUTSTANDING;TotalUnits;Geom;Geo Local Area
0707892 BC Ltd;http://app.vancouver.ca/RPS_Net/Default.aspx?num=320&street=ABBOTT%20STREET;320;ABBOTT STREET;3;60;"{""type"": ""Point"", ""coordinates"": [-123.10664756, 49.28261413]}";Downtown
Central City Foundation;http://app.vancouver.ca/RPS_Net/Default.aspx?num=404&street=ABBOTT%20STREET;404;ABBOTT STREET;1;71;"{""type"": ""Point"", ""coordinates"": [-123.10713559, 49.2816849]}";Downtown
Lily Jang;http://app.vancouver.ca/RPS_Net/Default.aspx?num=1785&street=ADANAC%20STREET;1785;ADANAC STREET;1;5;"{""type"": ""Point"", ""coordinates"": [-123.06878722, 49.27780288]}";Grandview-Woodland
Entre Nous Femmes Housing Society;http://app.vancouver.ca/RPS_Net/Default.aspx?num=1656&street=ADANAC%20STREET;1656;ADANAC STREET;2;46;"{""type"": ""Point"", ""coordinates"": [-123.07200187, 49.27733406]}";Grandview-Woodland
KBK No 51 Ventures Ltd;http://app.vancouver.ca/RPS_Net/Default.aspx?num=1128&street=ALBERNI%20STREET;1128;ALBERNI STREET;2;147;"{""type"": ""Point"", ""coordinates"": [-123.12497306, 49.28570614]}";West End
Railtown Land Corporation;http://app.vancouver.ca/RPS_Net/Default.aspx?num=688&street=ALEXANDER%20STREET;688;ALEXANDER STREET;2;9;"{""type"": ""Point"", ""coordinates"": [-123.08984246, 49.28364955]}";Strathcona
Atira Women's Resource Society;http://app.vancouver.ca/RPS_Net/Default.aspx?num=362&street=ALEXANDER%20STREET;362;ALEXANDER STREET;18;37;"{""type"": ""Point"", ""coordinates"": [-123.09569679, 49.28375815]}";Strathcona
Lookout Housing and Health Society;http://app.vancouver.ca/RPS_Net/Default.aspx?num=346&street=ALEXANDER%20STREET;346;ALEXANDER STREET;2;63;"{""type"": ""Point"", ""coordinates"": [-123.09632589, 49.28376978]}";Strathcona
Marjorie D Ross & Andrew A Ross;http://app.vancouver.ca/RPS_Net/Default.aspx?num=1646&street=ALMA%20STREET;1646;ALMA STREET;1;5;"{""type"": ""Point"", ""coordinates"": [-123.18532717, 49.27150491]}";Kitsilano
Shane Mortimer & Aileen Mortimer;http://app.vancouver.ca/RPS_Net/Default.aspx?num=1846&street=ARBUTUS%20STREET;1846;ARBUTUS STREET;1;6;"{""type"": ""Point"", ""coordinates"": [-123.15255932, 49.26925433]}";Kitsilano
Coast Apartments Ltd;http://app.vancouver.ca/RPS_Net/Default.aspx?num=6055&street=BALSAM%20STREET;6055;BALSAM STREET;1;35;"{""type"": ""Point"", ""coordinates"": [-123.16187504, 49.23185214]}";Kerrisdale
1040 Barclay Street Enterprises Inc;http://app.vancouver.ca/RPS_Net/Default.aspx?num=1040&street=BARCLAY%20STREET;1040;BARCLAY STREET;5;40;"{""type"": ""Point"", ""coordinates"": [-123.12626328, 49.28235605]}";West End
Skyline Apartments Ltd;http://app.vancouver.ca/RPS_Net/Default.aspx?num=1139&street=BARCLAY%20STREET;1139;BARCLAY STREET;5;42;"{""type"": ""Point"", ""coordinates"": [-123.12844744, 49.28452643]}";West End
Tarsem Gill;http://app.vancouver.ca/RPS_Net/Default.aspx?num=1172&street=BARCLAY%20STREET;1172;BARCLAY STREET;1;10;"{""type"": ""Point"", ""coordinates"": [-123.12897386, 49.28412239]}";West End
1770 Barclay Street Holding Ltd;http://app.vancouver.ca/RPS_Net/Default.aspx?num=1770&street=BARCLAY%20STREET;1770;BARCLAY STREET;5;84;"{""type"": ""Point"", ""coordinates"": [-123.13747968, 49.28961087]}";West End
Tang Realty Development Corp;http://app.vancouver.ca/RPS_Net/Default.aspx?num=1865&street=BARCLAY%20STREET;1865;BARCLAY STREET;2;40;"{""type"": ""Point"", ""coordinates"": [-123.13827675, 49.29088725]}";West End
Razgul Holdings Ltd;http://app.vancouver.ca/RPS_Net/Default.aspx?num=2010&street=BARCLAY%20STREET;2010;BARCLAY STREET;11;39;"{""type"": ""Point"", ""coordinates"": [-123.14105362, 49.29193546]}";West End
Beach Properties Ltd;http://app.vancouver.ca/RPS_Net/Default.aspx?num=1133&street=BEACH%20AVENUE;1133;BEACH AVENUE;4;128;"{""type"": ""Point"", ""coordinates"": [-123.13589557, 49.27870624]}";West End
Broadway Properties Ltd;http://app.vancouver.ca/RPS_Net/Default.aspx?num=1265&street=BEACH%20AVENUE;1265;BEACH AVENUE;6;47;"{""type"": ""Point"", ""coordinates"": [-123.13796317, 49.28036018]}";West End
Bonniehon Enterprises Ltd;http://app.vancouver.ca/RPS_Net/Default.aspx?num=1395&street=BEACH%20AVENUE;1395;BEACH AVENUE;2;91;"{""type"": ""Point"", ""coordinates"": [-123.13902871, 49.28163305]}";West End
Harob Holdings Ltd;http://app.vancouver.ca/RPS_Net/Default.aspx?num=1531&street=BEACH%20AVENUE;1531;BEACH AVENUE;1;40;"{""type"": ""Point"", ""coordinates"": [-123.14099495, 49.28290124]}";West End
Finimaan Investments Ltd;http://app.vancouver.ca/RPS_Net/Default.aspx?num=1215&street=BEACH%20AVENUE;1215;BEACH AVENUE;1;49;"{""type"": ""Point"", ""coordinates"": [-123.13719979, 49.27974989]}";West End
Glassman Holdings Ltd;http://app.vancouver.ca/RPS_Net/Default.aspx?num=1260&street=BIDWELL%20STREET;1260;BIDWELL STREET;1;76;"{""type"": ""Point"", ""coordinates"": [-123.14120488, 49.28507647]}";West End
Norman Estates Ltd;http://app.vancouver.ca/RPS_Net/Default.aspx?num=2210&street=BLENHEIM%20STREET;2210;BLENHEIM STREET;5;8;"{""type"": ""Point"", ""coordinates"": [-123.17749312, 49.26651978]}";Kitsilano
Calling Ministries;http://app.vancouver.ca/RPS_Net/Default.aspx?num=3263&street=BLENHEIM%20STREET;3263;BLENHEIM STREET;1;8;"{""type"": ""Point"", ""coordinates"": [-123.17897957, 49.25726354]}";Dunbar-Southlands
S A H Properties Ltd;http://app.vancouver.ca/RPS_Net/Default.aspx?num=1091&street=BROUGHTON%20STREET;1091;BROUGHTON STREET;2;40;"{""type"": ""Point"", ""coordinates"": [-123.13466392, 49.28501806]}";West End
GMH 1203 Broughton Ltd;http://app.vancouver.ca/RPS_Net/Default.aspx?num=1203&street=BROUGHTON%20STREET;1203;BROUGHTON STREET;1;40;"{""type"": ""Point"", ""coordinates"": [-123.13679531, 49.28361279]}";West End
Arthur M Hayes (Arthur Hayes);http://app.vancouver.ca/RPS_Net/Default.aspx?num=1315&street=BROUGHTON%20STREET;1315;BROUGHTON STREET;1;35;"{""type"": ""Point"", ""coordinates"": [-123.1383598, 49.28258776]}";West End
The Vancouver Broadway Housing Society;http://app.vancouver.ca/RPS_Net/Default.aspx?num=650&street=BUCKETWHEEL;650;BUCKETWHEEL;2;45;"{""type"": ""Point"", ""coordinates"": [-123.11818965, 49.26769092]}";Fairview
FZN Burnaby Apartments Ltd;http://app.vancouver.ca/RPS_Net/Default.aspx?num=1630&street=BURNABY%20STREET;1630;BURNABY STREET;2;21;"{""type"": ""Point"", ""coordinates"": [-123.14061254, 49.28469039]}";West End
John Rusko & Regina Rusko & Robert Rusko;http://app.vancouver.ca/RPS_Net/Default.aspx?num=1141&street=BURNABY%20STREET;1141;BURNABY STREET;5;40;"{""type"": ""Point"", ""coordinates"": [-123.13297953, 49.28049511]}";West End
Paul Y Mansion (Paul Mansion);http://app.vancouver.ca/RPS_Net/Default.aspx?num=1150&street=BURNABY%20STREET;1150;BURNABY STREET;10;176;"{""type"": ""Point"", ""coordinates"": [-123.13413389, 49.28049467]}";West End
1537 Burnaby Street Nominee Ltd;http://app.vancouver.ca/RPS_Net/Default.aspx?num=1537&street=BURNABY%20STREET;1537;BURNABY STREET;4;23;"{""type"": ""Point"", ""coordinates"": [-123.13886721, 49.28431198]}";West End
Arthur M Hayes (Arthur Hayes);http://app.vancouver.ca/RPS_Net/Default.aspx?num=1176&street=BURNABY%20STREET;1176;BURNABY STREET;8;41;"{""type"": ""Point"", ""coordinates"": [-123.13433156, 49.28062353]}";West End
Vanca Holdings Ltd;http://app.vancouver.ca/RPS_Net/Default.aspx?num=1365&street=BURNABY%20STREET;1365;BURNABY STREET;3;8;"{""type"": ""Point"", ""coordinates"": [-123.13667519, 49.28289917]}";West End
Belmont Bute 990 Holdings Inc;http://app.vancouver.ca/RPS_Net/Default.aspx?num=990&street=BUTE%20STREET;990;BUTE STREET;1;36;"{""type"": ""Point"", ""coordinates"": [-123.12970105, 49.28394886]}";West End
Huntly Investments Ltd;http://app.vancouver.ca/RPS_Net/Default.aspx?num=601&street=BUTE%20STREET;601;BUTE STREET;4;23;"{""type"": ""Point"", ""coordinates"": [-123.12466408, 49.28778196]}";Downtown
Hsus Enterprises Corporation;http://app.vancouver.ca/RPS_Net/Default.aspx?num=1250&street=BUTE%20STREET;1250;BUTE STREET;5;80;"{""type"": ""Point"", ""coordinates"": [-123.13395515, 49.28113396]}";West End
Shoyle Holdings Ltd;http://app.vancouver.ca/RPS_Net/Default.aspx?num=3725&street=CAMBIE%20STREET;3725;CAMBIE STREET;1;11;"{""type"": ""Point"", ""coordinates"": [-123.11574693, 49.25195822]}";South Cambie
419374 BC Ltd;http://app.vancouver.ca/RPS_Net/Default.aspx?num=3885&street=CAMBIE%20STREET;3885;CAMBIE STREET;1;11;"{""type"": ""Point"", ""coordinates"": [-123.11581669, 49.25067005]}";South Cambie
Brian Irving Swartz (Brian Swartz);http://app.vancouver.ca/RPS_Net/Default.aspx?num=322&street=CAMBIE%20STREET;322;CAMBIE STREET;2;9;"{""type"": ""Point"", ""coordinates"": [-123.10916395, 49.28291218]}";Downtown
Danny's Inn Ltd;http://app.vancouver.ca/RPS_Net/Default.aspx?num=317&street=CAMBIE%20STREET;317;CAMBIE STREET;2;18;"{""type"": ""Point"", ""coordinates"": [-123.109504, 49.28323298]}";Downtown
Jack Eng & Edna May Eng & Andrea Eng;http://app.vancouver.ca/RPS_Net/Default.aspx?num=3836&street=CAMBIE%20STREET;3836;CAMBIE STREET;3;5;"{""type"": ""Point"", ""coordinates"": [-123.11491764, 49.250796]}";Riley Park
Victor Wong & Robetti Wong;http://app.vancouver.ca/RPS_Net/Default.aspx?num=2250&street=CAMBRIDGE%20STREET;2250;CAMBRIDGE STREET;2;23;"{""type"": ""Point"", ""coordinates"": [-123.05860408, 49.28634867]}";Grandview-Woodland
Polo Hotel Ltd;http://app.vancouver.ca/RPS_Net/Default.aspx?num=425&street=CAMPBELL%20AVENUE;425;CAMPBELL AVENUE;4;20;"{""type"": ""Point"", ""coordinates"": [-123.08507538, 49.2804689]}";Strathcona
Derik Ventures Ltd;http://app.vancouver.ca/RPS_Net/Default.aspx?num=843&street=CARDERO%20STREET;843;CARDERO STREET;2;39;"{""type"": ""Point"", ""coordinates"": [-123.13328409, 49.28904188]}";West End
Broadway Properties Ltd;http://app.vancouver.ca/RPS_Net/Default.aspx?num=1220&street=CARDERO%20STREET;1220;CARDERO STREET;1;70;"{""type"": ""Point"", ""coordinates"": [-123.13870249, 49.28484559]}";West End
331750 BC Ltd;http://app.vancouver.ca/RPS_Net/Default.aspx?num=1225&street=CARDERO%20STREET;1225;CARDERO STREET;4;169;"{""type"": ""Point"", ""coordinates"": [-123.13957785, 49.2854097]}";West End
PHS Community Services Society;http://app.vancouver.ca/RPS_Net/Default.aspx?num=309&street=CARRALL%20STREET;309;CARRALL STREET;3;41;"{""type"": ""Point"", ""coordinates"": [-123.10460555, 49.28223732]}";Downtown
Silver Star Holdings Inc;http://app.vancouver.ca/RPS_Net/Default.aspx?num=8667&street=CARTIER%20STREET;8667;CARTIER STREET;1;13;"{""type"": ""Point"", ""coordinates"": [-123.13813534, 49.20773423]}";Marpole
Gerda H Fandrich & Helmut E Fandrich;http://app.vancouver.ca/RPS_Net/Default.aspx?num=8632&street=CARTIER%20STREET;8632;CARTIER STREET;4;10;"{""type"": ""Point"", ""coordinates"": [-123.13726576, 49.20812973]}";Marpole
Grandwood Development Co Ltd;http://app.vancouver.ca/RPS_Net/Default.aspx?num=5487&street=CECIL%20STREET;5487;CECIL STREET;2;19;"{""type"": ""Point"", ""coordinates"": [-123.03692411, 49.23501865]}";Renfrew-Collingwood
Hyung Moon Kim (Hyung Kim);http://app.vancouver.ca/RPS_Net/Default.aspx?num=1708&street=CHARLES%20STREET;1708;CHARLES STREET;2;14;"{""type"": ""Point"", ""coordinates"": [-123.06917565, 49.27289892]}";Grandview-Woodland
EMV Holdings Corp;http://app.vancouver.ca/RPS_Net/Default.aspx?num=930&street=CHILCO%20STREET;930;CHILCO STREET;1;29;"{""type"": ""Point"", ""coordinates"": [-123.1400431, 49.29202753]}";West End
Armando Ferreira;http://app.vancouver.ca/RPS_Net/Default.aspx?num=2308&street=CLARK%20DRIVE;2308;CLARK DRIVE;3;5;"{""type"": ""Point"", ""coordinates"": [-123.07708649, 49.26404447]}";Grandview-Woodland
Persepolis Investments Inc;http://app.vancouver.ca/RPS_Net/Default.aspx?num=351&street=COLUMBIA%20STREET;351;COLUMBIA STREET;3;27;"{""type"": ""Point"", ""coordinates"": [-123.1024617, 49.2816793]}";Downtown
Ali's Property Ltd;http://app.vancouver.ca/RPS_Net/Default.aspx?num=412&street=COLUMBIA%20STREET;412;COLUMBIA STREET;1;7;"{""type"": ""Point"", ""coordinates"": [-123.10209829, 49.28113543]}";Downtown
673854 BC Ltd;http://app.vancouver.ca/RPS_Net/Default.aspx?num=2615&street=COLUMBIA%20STREET;2615;COLUMBIA STREET;2;13;"{""type"": ""Point"", ""coordinates"": [-123.10984221, 49.26197789]}";Mount Pleasant
John Engleman;http://app.vancouver.ca/RPS_Net/Default.aspx?num=810&street=COMMERCIAL%20DIVERSION%20NORTH;810;COMMERCIAL DIVERSION NORTH;2;7;"{""type"": ""Point"", ""coordinates"": [-123.06933738, 49.27730234]}";Grandview-Woodland
631 Commercial Drive Holdings Ltd;http://app.vancouver.ca/RPS_Net/Default.aspx?num=633&street=COMMERCIAL%20DRIVE;633;COMMERCIAL DRIVE;3;6;"{""type"": ""Point"", ""coordinates"": [-123.07074744, 49.2788454]}";Grandview-Woodland
Jack Eng;http://app.vancouver.ca/RPS_Net/Default.aspx?num=1435&street=COMMERCIAL%20DRIVE;1435;COMMERCIAL DRIVE;2;6;"{""type"": ""Point"", ""coordinates"": [-123.06998097, 49.27172277]}";Grandview-Woodland
John Manzi Nalatino Manzi & Robert Manzi;http://app.vancouver.ca/RPS_Net/Default.aspx?num=3607&street=COMMERCIAL%20STREET;3607;COMMERCIAL STREET;5;10;"{""type"": ""Point"", ""coordinates"": [-123.06846251, 49.25233156]}";Kensington-Cedar Cottage
Andrew Priatel & John Priatel;http://app.vancouver.ca/RPS_Net/Default.aspx?num=1075&street=COMOX%20STREET;1075;COMOX STREET;1;87;"{""type"": ""Point"", ""coordinates"": [-123.12801526, 49.28146361]}";West End
Daysgoneby.org Land Stewards Ltd;http://app.vancouver.ca/RPS_Net/Default.aspx?num=1717&street=COMOX%20STREET;1717;COMOX STREET;1;23;"{""type"": ""Point"", ""coordinates"": [-123.13796381, 49.2880357]}";West End
Rockmill Myers;http://app.vancouver.ca/RPS_Net/Default.aspx?num=1869&street=COMOX%20STREET;1869;COMOX STREET;1;86;"{""type"": ""Point"", ""coordinates"": [-123.1408004, 49.28973331]}";West End
Baltic Title Ltd;http://app.vancouver.ca/RPS_Net/Default.aspx?num=1250&street=COMOX%20STREET;1250;COMOX STREET;3;90;"{""type"": ""Point"", ""coordinates"": [-123.13240993, 49.28357516]}";West End
Irving M Kirsch (Irving Kirsch);http://app.vancouver.ca/RPS_Net/Default.aspx?num=2025&street=CORNWALL%20AVENUE;2025;CORNWALL AVENUE;6;17;"{""type"": ""Point"", ""coordinates"": [-123.15059227, 49.27271584]}";Kitsilano
Creekside Ventures Limited;http://app.vancouver.ca/RPS_Net/Default.aspx?num=1450&street=CREEKSIDE%20DRIVE;1450;CREEKSIDE DRIVE;1;39;"{""type"": ""Point"", ""coordinates"": [-123.13984642, 49.27145559]}";Fairview
1770 Davie Holdings Ltd;http://app.vancouver.ca/RPS_Net/Default.aspx?num=1770&street=DAVIE%20STREET;1770;DAVIE STREET;4;58;"{""type"": ""Point"", ""coordinates"": [-123.14192583, 49.2869223]}";West End
Brightside Community Homes Foundation;http://app.vancouver.ca/RPS_Net/Default.aspx?num=238&street=DAVIE%20STREET;238;DAVIE STREET;5;72;"{""type"": ""Point"", ""coordinates"": [-123.12370772, 49.27375636]}";Downtown
Pacific Coast Tobacco Co Ltd;http://app.vancouver.ca/RPS_Net/Default.aspx?num=1180&street=DAVIE%20STREET;1180;DAVIE STREET;1;5;"{""type"": ""Point"", ""coordinates"": [-123.13321628, 49.28129403]}";West End
Yip C Lai & Cheuk Y Lew;http://app.vancouver.ca/RPS_Net/Default.aspx?num=676&street=DAVIE%20STREET;676;DAVIE STREET;1;8;"{""type"": ""Point"", ""coordinates"": [-123.12605305, 49.27685083]}";Downtown
Wing Chan Investments Ltd;http://app.vancouver.ca/RPS_Net/Default.aspx?num=1116&street=DAVIE%20STREET;1116;DAVIE STREET;4;6;"{""type"": ""Point"", ""coordinates"": [-123.13198291, 49.28050749]}";West End
Verbier Management Ltd;http://app.vancouver.ca/RPS_Net/Default.aspx?num=1516&street=DAVIE%20STREET;1516;DAVIE STREET;3;83;"{""type"": ""Point"", ""coordinates"": [-123.13817768, 49.28450349]}";West End
Lawrence Wong;http://app.vancouver.ca/RPS_Net/Default.aspx?num=809&street=DENMAN%20STREET;809;DENMAN STREET;1;8;"{""type"": ""Point"", ""coordinates"": [-123.13589931, 49.29147113]}";West End
Helping Spirit Lodge Society;http://app.vancouver.ca/RPS_Net/Default.aspx?num=3989&street=DUMFRIES%20STREET;3989;DUMFRIES STREET;2;36;"{""type"": ""Point"", ""coordinates"": [-123.07371806, 49.24966055]}";Kensington-Cedar Cottage
J 110 Freecorp Holdings Ltd;http://app.vancouver.ca/RPS_Net/Default.aspx?num=5626&street=DUNBAR%20STREET;5626;DUNBAR STREET;1;8;"{""type"": ""Point"", ""coordinates"": [-123.18499035, 49.23527137]}";Dunbar-Southlands
1313 Ventures Inc;http://app.vancouver.ca/RPS_Net/Default.aspx?num=2121&street=DUNDAS%20STREET;2121;DUNDAS STREET;3;35;"{""type"": ""Point"", ""coordinates"": [-123.06098535, 49.2850593]}";Grandview-Woodland
442746 BC Ltd;http://app.vancouver.ca/RPS_Net/Default.aspx?num=2200&street=DUNDAS%20STREET;2200;DUNDAS STREET;6;35;"{""type"": ""Point"", ""coordinates"": [-123.05946597, 49.28454108]}";Grandview-Woodland
Atira Women's Resource Society;http://app.vancouver.ca/RPS_Net/Default.aspx?num=143&street=DUNLEVY%20AVENUE;143;DUNLEVY AVENUE;38;55;"{""type"": ""Point"", ""coordinates"": [-123.0955126, 49.28336116]}";Strathcona
Lookout Housing and Health Society;http://app.vancouver.ca/RPS_Net/Default.aspx?num=188&street=E%201ST%20AVENUE;188;E 1ST AVENUE;2;129;"{""type"": ""Point"", ""coordinates"": [-123.1011091, 49.26985484]}";Mount Pleasant
Ecogreen Development Ltd;http://app.vancouver.ca/RPS_Net/Default.aspx?num=1535&street=E%201ST%20AVENUE;1535;E 1ST AVENUE;4;13;"{""type"": ""Point"", ""coordinates"": [-123.07279341, 49.2698852]}";Grandview-Woodland
Yin Wan Enterprises Ltd;http://app.vancouver.ca/RPS_Net/Default.aspx?num=1421&street=E%202ND%20AVENUE;1421;E 2ND AVENUE;1;33;"{""type"": ""Point"", ""coordinates"": [-123.07483703, 49.26899957]}";Grandview-Woodland
Sason Malky & Tamar Malky;http://app.vancouver.ca/RPS_Net/Default.aspx?num=1510&street=E%204TH%20AVENUE;1510;E 4TH AVENUE;5;16;"{""type"": ""Point"", ""coordinates"": [-123.07328206, 49.26664393]}";Grandview-Woodland
Entre Nous Femmes Housing Society;http://app.vancouver.ca/RPS_Net/Default.aspx?num=1534&street=E%204TH%20AVENUE;1534;E 4TH AVENUE;1;21;"{""type"": ""Point"", ""coordinates"": [-123.07288057, 49.266645]}";Grandview-Woodland
Albert Weisstock;http://app.vancouver.ca/RPS_Net/Default.aspx?num=1545&street=E%204TH%20AVENUE;1545;E 4TH AVENUE;4;8;"{""type"": ""Point"", ""coordinates"": [-123.07248681, 49.26716005]}";Grandview-Woodland
Jim Lee & Yu A Lee;http://app.vancouver.ca/RPS_Net/Default.aspx?num=1722&street=E%204TH%20AVENUE;1722;E 4TH AVENUE;1;6;"{""type"": ""Point"", ""coordinates"": [-123.06907305, 49.26688213]}";Grandview-Woodland
George & Miriam & Theresa Winkler;http://app.vancouver.ca/RPS_Net/Default.aspx?num=1650&street=E%205TH%20AVENUE;1650;E 5TH AVENUE;2;56;"{""type"": ""Point"", ""coordinates"": [-123.07146865, 49.26573037]}";Grandview-Woodland
Prang Holdings Ltd;http://app.vancouver.ca/RPS_Net/Default.aspx?num=525&street=E%205TH%20AVENUE;525;E 5TH AVENUE;1;41;"{""type"": ""Point"", ""coordinates"": [-123.09199214, 49.26643111]}";Mount Pleasant
262109 B C Ltd;http://app.vancouver.ca/RPS_Net/Default.aspx?num=801&street=E%206TH%20AVENUE;801;E 6TH AVENUE;6;188;"{""type"": ""Point"", ""coordinates"": [-123.08625103, 49.26561196]}";Mount Pleasant
Briscoe Holdings Ltd;http://app.vancouver.ca/RPS_Net/Default.aspx?num=1555&street=E%206TH%20AVENUE;1555;E 6TH AVENUE;3;44;"{""type"": ""Point"", ""coordinates"": [-123.07266613, 49.26534903]}";Grandview-Woodland
Mighty Atom Holdings Inc;http://app.vancouver.ca/RPS_Net/Default.aspx?num=203&street=E%206TH%20AVENUE;203;E 6TH AVENUE;6;17;"{""type"": ""Point"", ""coordinates"": [-123.10037627, 49.26564177]}";Mount Pleasant
Brightside Community Homes Foundation;http://app.vancouver.ca/RPS_Net/Default.aspx?num=1620&street=E%206TH%20AVENUE;1620;E 6TH AVENUE;2;41;"{""type"": ""Point"", ""coordinates"": [-123.0713509, 49.26471876]}";Grandview-Woodland
Antonio Chun Hung Lee (Antonio Lee);http://app.vancouver.ca/RPS_Net/Default.aspx?num=133&street=E%207TH%20AVENUE;133;E 7TH AVENUE;2;13;"{""type"": ""Point"", ""coordinates"": [-123.10204074, 49.2648708]}";Mount Pleasant
Joseph Seccia & Mario Seccia;http://app.vancouver.ca/RPS_Net/Default.aspx?num=727&street=E%207TH%20AVENUE;727;E 7TH AVENUE;1;38;"{""type"": ""Point"", ""coordinates"": [-123.0884632, 49.26457098]}";Mount Pleasant
Acona Investments Ltd;http://app.vancouver.ca/RPS_Net/Default.aspx?num=537&street=E%207TH%20AVENUE;537;E 7TH AVENUE;4;9;"{""type"": ""Point"", ""coordinates"": [-123.09207801, 49.26460098]}";Mount Pleasant
R Markham;http://app.vancouver.ca/RPS_Net/Default.aspx?num=611&street=E%207TH%20AVENUE;611;E 7TH AVENUE;1;106;"{""type"": ""Point"", ""coordinates"": [-123.09038875, 49.26458658]}";Mount Pleasant
Golden Fortune Enterprises Ltd;http://app.vancouver.ca/RPS_Net/Default.aspx?num=404&street=E%208TH%20AVENUE;404;E 8TH AVENUE;2;39;"{""type"": ""Point"", ""coordinates"": [-123.09539736, 49.26319555]}";Mount Pleasant
Raymar Realty Ltd;http://app.vancouver.ca/RPS_Net/Default.aspx?num=317&street=E%208TH%20AVENUE;317;E 8TH AVENUE;3;35;"{""type"": ""Point"", ""coordinates"": [-123.09826391, 49.26390043]}";Mount Pleasant
C B T Holdings Ltd;http://app.vancouver.ca/RPS_Net/Default.aspx?num=156&street=E%208TH%20AVENUE;156;E 8TH AVENUE;7;12;"{""type"": ""Point"", ""coordinates"": [-123.10142785, 49.26354412]}";Mount Pleasant
Shelmar Credit Acceptance Ltd;http://app.vancouver.ca/RPS_Net/Default.aspx?num=639&street=E%208TH%20AVENUE;639;E 8TH AVENUE;1;26;"{""type"": ""Point"", ""coordinates"": [-123.08998437, 49.26368153]}";Mount Pleasant
825 East 8th Avenue Nominee Ltd;http://app.vancouver.ca/RPS_Net/Default.aspx?num=825&street=E%208TH%20AVENUE;825;E 8TH AVENUE;4;41;"{""type"": ""Point"", ""coordinates"": [-123.08613033, 49.26364898]}";Mount Pleasant
Fu D Ren & Feng B Yan;http://app.vancouver.ca/RPS_Net/Default.aspx?num=414&street=E%2010TH%20AVENUE;414;E 10TH AVENUE;9;38;"{""type"": ""Point"", ""coordinates"": [-123.09554677, 49.26130685]}";Mount Pleasant
Big Fortune Enterprises Co Ltd;http://app.vancouver.ca/RPS_Net/Default.aspx?num=354&street=E%2010TH%20AVENUE;354;E 10TH AVENUE;3;12;"{""type"": ""Point"", ""coordinates"": [-123.09683698, 49.26170415]}";Mount Pleasant
Anthony Ng & Yumy Ng;http://app.vancouver.ca/RPS_Net/Default.aspx?num=1556&street=E%2010TH%20AVENUE;1556;E 10TH AVENUE;10;9;"{""type"": ""Point"", ""coordinates"": [-123.07233818, 49.26111787]}";Kensington-Cedar Cottage
Jan Friedman;http://app.vancouver.ca/RPS_Net/Default.aspx?num=1629&street=E%2010TH%20AVENUE;1629;E 10TH AVENUE;19;8;"{""type"": ""Point"", ""coordinates"": [-123.07100231, 49.26163547]}";Kensington-Cedar Cottage
333 East 11th Holdings Ltd;http://app.vancouver.ca/RPS_Net/Default.aspx?num=333&street=E%2011TH%20AVENUE;333;E 11TH AVENUE;1;201;"{""type"": ""Point"", ""coordinates"": [-123.0974708, 49.2613253]}";Mount Pleasant
Kensington Court Apts Ltd;http://app.vancouver.ca/RPS_Net/Default.aspx?num=425&street=E%2011TH%20AVENUE;425;E 11TH AVENUE;1;57;"{""type"": ""Point"", ""coordinates"": [-123.0955488, 49.26092575]}";Mount Pleasant
254 E 12th Holdings Ltd;http://app.vancouver.ca/RPS_Net/Default.aspx?num=254&street=E%2012TH%20AVENUE;254;E 12TH AVENUE;1;35;"{""type"": ""Point"", ""coordinates"": [-123.09919864, 49.25992148]}";Mount Pleasant
Van Center Management Inc;http://app.vancouver.ca/RPS_Net/Default.aspx?num=44&street=E%2013TH%20AVENUE;44;E 13TH AVENUE;1;51;"{""type"": ""Point"", ""coordinates"": [-123.10421593, 49.25906153]}";Mount Pleasant
HWP 242 14th Avenue Ltd;http://app.vancouver.ca/RPS_Net/Default.aspx?num=242&street=E%2014TH%20AVENUE;242;E 14TH AVENUE;1;20;"{""type"": ""Point"", ""coordinates"": [-123.09946364, 49.25812427]}";Mount Pleasant
Q-14 HOLDINGS LTD;http://app.vancouver.ca/RPS_Net/Default.aspx?num=95&street=E%2014TH%20AVENUE;95;E 14TH AVENUE;3;26;"{""type"": ""Point"", ""coordinates"": [-123.10353917, 49.25878761]}";Mount Pleasant
Kin Quai Mah & Woo Wai Yin Mah;http://app.vancouver.ca/RPS_Net/Default.aspx?num=227&street=E%2015TH%20AVENUE;227;E 15TH AVENUE;1;8;"{""type"": ""Point"", ""coordinates"": [-123.10010439, 49.25774528]}";Mount Pleasant
Marzena Ptak;http://app.vancouver.ca/RPS_Net/Default.aspx?num=802&street=E%2015TH%20AVENUE;802;E 15TH AVENUE;1;5;"{""type"": ""Point"", ""coordinates"": [-123.08721349, 49.25686693]}";Mount Pleasant
Jimmy Chow;http://app.vancouver.ca/RPS_Net/Default.aspx?num=250&street=E%2015TH%20AVENUE;250;E 15TH AVENUE;1;6;"{""type"": ""Point"", ""coordinates"": [-123.09928519, 49.25721818]}";Mount Pleasant
667441 BC Ltd;http://app.vancouver.ca/RPS_Net/Default.aspx?num=631&street=E%2015TH%20AVENUE;631;E 15TH AVENUE;2;12;"{""type"": ""Point"", ""coordinates"": [-123.09023606, 49.25740256]}";Mount Pleasant
Nhung Thi Dinh & Thi T Dinh;http://app.vancouver.ca/RPS_Net/Default.aspx?num=657&street=E%2015TH%20AVENUE;657;E 15TH AVENUE;1;8;"{""type"": ""Point"", ""coordinates"": [-123.08967635, 49.25734985]}";Mount Pleasant
Yueko Enterprises Ltd;http://app.vancouver.ca/RPS_Net/Default.aspx?num=210&street=E%2016TH%20AVENUE;210;E 16TH AVENUE;1;10;"{""type"": ""Point"", ""coordinates"": [-123.10052349, 49.25632539]}";Riley Park
Alfred Dyck;http://app.vancouver.ca/RPS_Net/Default.aspx?num=137&street=E%2016TH%20AVENUE;137;E 16TH AVENUE;1;8;"{""type"": ""Point"", ""coordinates"": [-123.10214692, 49.25686634]}";Mount Pleasant
East 16th Avenue Holdings Ltd;http://app.vancouver.ca/RPS_Net/Default.aspx?num=223&street=E%2016TH%20AVENUE;223;E 16TH AVENUE;1;23;"{""type"": ""Point"", ""coordinates"": [-123.10011655, 49.25684207]}";Mount Pleasant
Mighty Atom Holdings Inc;http://app.vancouver.ca/RPS_Net/Default.aspx?num=199&street=E%2017TH%20AVENUE;199;E 17TH AVENUE;7;8;"{""type"": ""Point"", ""coordinates"": [-123.1017011, 49.25587369]}";Riley Park
Carmen Chan Liu (Carmen Liu);http://app.vancouver.ca/RPS_Net/Default.aspx?num=707&street=E%2028TH%20AVENUE;707;E 28TH AVENUE;1;10;"{""type"": ""Point"", ""coordinates"": [-123.0898304, 49.24572921]}";Kensington-Cedar Cottage
Little Mtn Residential Care & Housing Society;http://app.vancouver.ca/RPS_Net/Default.aspx?num=330&street=E%2036TH%20AVENUE;330;E 36TH AVENUE;2;117;"{""type"": ""Point"", ""coordinates"": [-123.09992871, 49.23764129]}";Riley Park
Hardip Pawa & Surinder Pawa;http://app.vancouver.ca/RPS_Net/Default.aspx?num=2001&street=E%2036TH%20AVENUE;2001;E 36TH AVENUE;3;8;"{""type"": ""Point"", ""coordinates"": [-123.06502751, 49.23766833]}";Kensington-Cedar Cottage
Brightside Community Homes Foundation;http://app.vancouver.ca/RPS_Net/Default.aspx?num=1602&street=E%2041ST%20AVENUE;1602;E 41ST AVENUE;1;15;"{""type"": ""Point"", ""coordinates"": [-123.07256746, 49.23238482]}";Victoria-Fraserview
Lam & Son Investment Inc;http://app.vancouver.ca/RPS_Net/Default.aspx?num=686&street=E%2043RD%20AVENUE;686;E 43RD AVENUE;4;6;"{""type"": ""Point"", ""coordinates"": [-123.09101847, 49.23085789]}";Sunset
Regina Chopra;http://app.vancouver.ca/RPS_Net/Default.aspx?num=625&street=E%2044TH%20AVENUE;625;E 44TH AVENUE;1;6;"{""type"": ""Point"", ""coordinates"": [-123.09209728, 49.23037307]}";Sunset
Michelle's Import Plus Ltd;http://app.vancouver.ca/RPS_Net/Default.aspx?num=206&street=E%2049TH%20AVENUE;206;E 49TH AVENUE;6;15;"{""type"": ""Point"", ""coordinates"": [-123.10124557, 49.2254594]}";Sunset
Alpha Partner Global Ltd;http://app.vancouver.ca/RPS_Net/Default.aspx?num=1533&street=E%20BROADWAY;1533;E BROADWAY;1;12;"{""type"": ""Point"", ""coordinates"": [-123.0730316, 49.26264074]}";Grandview-Woodland
Gordon Block Apartments Ltd;http://app.vancouver.ca/RPS_Net/Default.aspx?num=833&street=E%20BROADWAY;833;E BROADWAY;1;11;"{""type"": ""Point"", ""coordinates"": [-123.08642837, 49.26274833]}";Mount Pleasant
Cameo Concepts Corp;http://app.vancouver.ca/RPS_Net/Default.aspx?num=1209&street=E%20BROADWAY;1209;E BROADWAY;1;37;"{""type"": ""Point"", ""coordinates"": [-123.07869297, 49.26268242]}";Mount Pleasant
Broadway Terrace Development Ltd;http://app.vancouver.ca/RPS_Net/Default.aspx?num=1530&street=E%20BROADWAY;1530;E BROADWAY;5;5;"{""type"": ""Point"", ""coordinates"": [-123.07302189, 49.26202774]}";Kensington-Cedar Cottage
0907682 BC Ltd;http://app.vancouver.ca/RPS_Net/Default.aspx?num=1383&street=E%20BROADWAY;1383;E BROADWAY;3;30;"{""type"": ""Point"", ""coordinates"": [-123.07579922, 49.26266414]}";Grandview-Woodland
Provincial Rental Housing Corporation;http://app.vancouver.ca/RPS_Net/Default.aspx?num=100&street=E%20CORDOVA%20STREET;100;E CORDOVA STREET;1;48;"{""type"": ""Point"", ""coordinates"": [-123.1019758, 49.28207009]}";Downtown
Raincity Housing And Support Society;http://app.vancouver.ca/RPS_Net/Default.aspx?num=512&street=E%20CORDOVA%20STREET;512;E CORDOVA STREET;3;24;"{""type"": ""Point"", ""coordinates"": [-123.09301216, 49.28189653]}";Strathcona
Southwood Ventures Inc;http://app.vancouver.ca/RPS_Net/Default.aspx?num=50&street=E%20CORDOVA%20STREET;50;E CORDOVA STREET;1;39;"{""type"": ""Point"", ""coordinates"": [-123.10305901, 49.28215237]}";Downtown
The Bloom Group Community Services Society;http://app.vancouver.ca/RPS_Net/Default.aspx?num=368&street=E%20CORDOVA%20STREET;368;E CORDOVA STREET;1;66;"{""type"": ""Point"", ""coordinates"": [-123.09614857, 49.28195691]}";Strathcona
679 East Cordova Street Holdings Ltd;http://app.vancouver.ca/RPS_Net/Default.aspx?num=679&street=E%20CORDOVA%20STREET;679;E CORDOVA STREET;1;12;"{""type"": ""Point"", ""coordinates"": [-123.08971424, 49.28235112]}";Strathcona
634 East Georgia Street Holdings Ltd;http://app.vancouver.ca/RPS_Net/Default.aspx?num=634&street=E%20GEORGIA%20STREET;634;E GEORGIA STREET;21;26;"{""type"": ""Point"", ""coordinates"": [-123.09081071, 49.27813499]}";Strathcona
249 East Georgia Street Holdings Ltd;http://app.vancouver.ca/RPS_Net/Default.aspx?num=249&street=E%20GEORGIA%20STREET;249;E GEORGIA STREET;6;18;"{""type"": ""Point"", ""coordinates"": [-123.09800036, 49.27878965]}";Strathcona
Atira Women's Resource Society;http://app.vancouver.ca/RPS_Net/Default.aspx?num=208&street=E%20GEORGIA%20STREET;208;E GEORGIA STREET;7;73;"{""type"": ""Point"", ""coordinates"": [-123.09932147, 49.27839536]}";Strathcona
Yee Fung Toy Society of Canada;http://app.vancouver.ca/RPS_Net/Default.aspx?num=224&street=E%20GEORGIA%20STREET;224;E GEORGIA STREET;2;12;"{""type"": ""Point"", ""coordinates"": [-123.09875289, 49.27829156]}";Strathcona
245 E Georgia Holdings Inc;http://app.vancouver.ca/RPS_Net/Default.aspx?num=245&street=E%20GEORGIA%20STREET;245;E GEORGIA STREET;1;40;"{""type"": ""Point"", ""coordinates"": [-123.09809645, 49.27879217]}";Strathcona
PHS Community Services Society;http://app.vancouver.ca/RPS_Net/Default.aspx?num=177&street=E%20HASTINGS%20STREET;177;E HASTINGS STREET;2;81;"{""type"": ""Point"", ""coordinates"": [-123.10049774, 49.28165623]}";Downtown
BC Housing Corporation;http://app.vancouver.ca/RPS_Net/Default.aspx?num=344&street=E%20HASTINGS%20STREET;344;E HASTINGS STREET;21;113;"{""type"": ""Point"", ""coordinates"": [-123.09638402, 49.28095418]}";Strathcona
Kam Y Loh & Merrilee I Loh;http://app.vancouver.ca/RPS_Net/Default.aspx?num=437&street=E%20HASTINGS%20STREET;437;E HASTINGS STREET;3;12;"{""type"": ""Point"", ""coordinates"": [-123.09436786, 49.28153156]}";Strathcona
;http://app.vancouver.ca/RPS_Net/Default.aspx?num=159&street=E%20HASTINGS%20STREET;159;E HASTINGS STREET;9;;"{""type"": ""Point"", ""coordinates"": [-123.10081977, 49.28166287]}";Downtown
Guo Zhu & Shiao Bing Wu;http://app.vancouver.ca/RPS_Net/Default.aspx?num=249&street=E%20HASTINGS%20STREET;249;E HASTINGS STREET;2;39;"{""type"": ""Point"", ""coordinates"": [-123.0983951, 49.28160462]}";Strathcona
338186 BC Limited;http://app.vancouver.ca/RPS_Net/Default.aspx?num=403&street=E%20HASTINGS%20STREET;403;E HASTINGS STREET;1;195;"{""type"": ""Point"", ""coordinates"": [-123.09499268, 49.28154319]}";Strathcona
Pepple Enterprises Ltd;http://app.vancouver.ca/RPS_Net/Default.aspx?num=561&street=E%20HASTINGS%20STREET;561;E HASTINGS STREET;4;54;"{""type"": ""Point"", ""coordinates"": [-123.09199723, 49.28148942]}";Strathcona
643838 BC Ltd;http://app.vancouver.ca/RPS_Net/Default.aspx?num=684&street=E%20HASTINGS%20STREET;684;E HASTINGS STREET;2;16;"{""type"": ""Point"", ""coordinates"": [-123.08997496, 49.28084014]}";Strathcona
Kathed Holdings Ltd;http://app.vancouver.ca/RPS_Net/Default.aspx?num=3570&street=E%20HASTINGS%20STREET;3570;E HASTINGS STREET;2;14;"{""type"": ""Point"", ""coordinates"": [-123.02682211, 49.28085294]}";Hastings-Sunrise
Zarshi Investments Inc;http://app.vancouver.ca/RPS_Net/Default.aspx?num=8&street=E%20HASTINGS%20STREET;8;E HASTINGS STREET;1;5;"{""type"": ""Point"", ""coordinates"": [-123.10404165, 49.28111028]}";Downtown
Provincial Rental Housing Corporation;http://app.vancouver.ca/RPS_Net/Default.aspx?num=258&street=E%20HASTINGS%20STREET;258;E HASTINGS STREET;11;26;"{""type"": ""Point"", ""coordinates"": [-123.09821929, 49.2809366]}";Strathcona
Summer Hotel Ltd;http://app.vancouver.ca/RPS_Net/Default.aspx?num=341&street=E%20HASTINGS%20STREET;341;E HASTINGS STREET;20;26;"{""type"": ""Point"", ""coordinates"": [-123.09652869, 49.28157203]}";Strathcona
Provincial Rental Housing Corporation;http://app.vancouver.ca/RPS_Net/Default.aspx?num=456&street=E%20HASTINGS%20STREET;456;E HASTINGS STREET;17;52;"{""type"": ""Point"", ""coordinates"": [-123.09418189, 49.28091634]}";Strathcona
Shon Yee Benevelent Assn Of Canada;http://app.vancouver.ca/RPS_Net/Default.aspx?num=504&street=E%20HASTINGS%20STREET;504;E HASTINGS STREET;1;45;"{""type"": ""Point"", ""coordinates"": [-123.09326163, 49.28090253]}";Strathcona
Vernon Apartments Inc;http://app.vancouver.ca/RPS_Net/Default.aspx?num=1168&street=E%20HASTINGS%20STREET;1168;E HASTINGS STREET;8;32;"{""type"": ""Point"", ""coordinates"": [-123.07973329, 49.28067964]}";Strathcona
Community Builders Benevolence Foundation (2013);http://app.vancouver.ca/RPS_Net/Default.aspx?num=3475&street=E%20HASTINGS%20STREET;3475;E HASTINGS STREET;1;59;"{""type"": ""Point"", ""coordinates"": [-123.02933128, 49.28142124]}";Hastings-Sunrise
353806 BC Ltd;http://app.vancouver.ca/RPS_Net/Default.aspx?num=3683&street=E%20HASTINGS%20STREET;3683;E HASTINGS STREET;6;67;"{""type"": ""Point"", ""coordinates"": [-123.02437442, 49.28138793]}";Hastings-Sunrise
Affordable Housing Charitable Association;http://app.vancouver.ca/RPS_Net/Default.aspx?num=1788&street=E%20KENT%20AVENUE%20SOUTH;1788;E KENT AVENUE SOUTH;2;42;"{""type"": ""Point"", ""coordinates"": [-123.06946548, 49.20783398]}";Victoria-Fraserview
0813069 BC Ltd;http://app.vancouver.ca/RPS_Net/Default.aspx?num=100&street=E%20PENDER%20STREET;100;E PENDER STREET;1;45;"{""type"": ""Point"", ""coordinates"": [-123.10214374, 49.28017155]}";Downtown
Mau Dan Gardens Co-Op Housing Association;http://app.vancouver.ca/RPS_Net/Default.aspx?num=350&street=E%20PENDER%20STREET;350;E PENDER STREET;1;52;"{""type"": ""Point"", ""coordinates"": [-123.0957684, 49.27984549]}";Strathcona
Bernhard Nachtwey;http://app.vancouver.ca/RPS_Net/Default.aspx?num=826&street=E%20PENDER%20STREET;826;E PENDER STREET;5;6;"{""type"": ""Point"", ""coordinates"": [-123.08651387, 49.27986783]}";Strathcona
Association of United Ukranian Canadians;http://app.vancouver.ca/RPS_Net/Default.aspx?num=827&street=E%20PENDER%20STREET;827;E PENDER STREET;1;26;"{""type"": ""Point"", ""coordinates"": [-123.08649623, 49.28038687]}";Strathcona
Bloomsbury Properties Ltd;http://app.vancouver.ca/RPS_Net/Default.aspx?num=1880&street=E%20PENDER%20STREET;1880;E PENDER STREET;11;50;"{""type"": ""Point"", ""coordinates"": [-123.06645519, 49.27996582]}";Grandview-Woodland
Yue Shan Society;http://app.vancouver.ca/RPS_Net/Default.aspx?num=33&street=E%20PENDER%20STREET;33;E PENDER STREET;1;14;"{""type"": ""Point"", ""coordinates"": [-123.10332792, 49.2807021]}";Downtown
Mah Society of Canada;http://app.vancouver.ca/RPS_Net/Default.aspx?num=139&street=E%20PENDER%20STREET;139;E PENDER STREET;5;34;"{""type"": ""Point"", ""coordinates"": [-123.10096634, 49.28066328]}";Downtown
Vancouver Chinatown Foundation For Community Revitalization;http://app.vancouver.ca/RPS_Net/Default.aspx?num=258&street=E%20PENDER%20STREET;258;E PENDER STREET;9;120;"{""type"": ""Point"", ""coordinates"": [-123.0981439, 49.28009111]}";Strathcona
Lew Mow Wai Society;http://app.vancouver.ca/RPS_Net/Default.aspx?num=349&street=E%20PENDER%20STREET;349;E PENDER STREET;1;9;"{""type"": ""Point"", ""coordinates"": [-123.09594415, 49.28055794]}";Strathcona
1510 East Pender Holdings Ltd;http://app.vancouver.ca/RPS_Net/Default.aspx?num=1510&street=E%20PENDER%20STREET;1510;E PENDER STREET;2;6;"{""type"": ""Point"", ""coordinates"": [-123.07390242, 49.28006118]}";Grandview-Woodland
P D A Capital Corp;http://app.vancouver.ca/RPS_Net/Default.aspx?num=2150&street=E%20PENDER%20STREET;2150;E PENDER STREET;3;6;"{""type"": ""Point"", ""coordinates"": [-123.06067053, 49.28000531]}";Grandview-Woodland
Salvatore Cois;http://app.vancouver.ca/RPS_Net/Default.aspx?num=1851&street=E%20PENDER%20STREET;1851;E PENDER STREET;7;20;"{""type"": ""Point"", ""coordinates"": [-123.06665102, 49.28048517]}";Grandview-Woodland
Jasmine Investments (1994) Co Ltd;http://app.vancouver.ca/RPS_Net/Default.aspx?num=2212&street=ETON%20STREET;2212;ETON STREET;2;10;"{""type"": ""Point"", ""coordinates"": [-123.0592061, 49.28725418]}";Grandview-Woodland
Natasha Taylor;http://app.vancouver.ca/RPS_Net/Default.aspx?num=3223&street=FINDLAY%20STREET;3223;FINDLAY STREET;3;12;"{""type"": ""Point"", ""coordinates"": [-123.06825456, 49.2559113]}";Kensington-Cedar Cottage
0989866 BC Ltd;http://app.vancouver.ca/RPS_Net/Default.aspx?num=2880&street=FIR%20STREET;2880;FIR STREET;4;8;"{""type"": ""Point"", ""coordinates"": [-123.14093018, 49.26012184]}";Fairview
Razgul Holdings Ltd;http://app.vancouver.ca/RPS_Net/Default.aspx?num=1777&street=FRANCES%20STREET;1777;FRANCES STREET;1;59;"{""type"": ""Point"", ""coordinates"": [-123.06874996, 49.27961543]}";Grandview-Woodland
Urban Vision Housing Society;http://app.vancouver.ca/RPS_Net/Default.aspx?num=1610&street=FRANKLIN%20STREET;1610;FRANKLIN STREET;11;50;"{""type"": ""Point"", ""coordinates"": [-123.07228357, 49.28200606]}";Grandview-Woodland
Vancouver Native Housing Society;http://app.vancouver.ca/RPS_Net/Default.aspx?num=1719&street=FRANKLIN%20STREET;1719;FRANKLIN STREET;10;32;"{""type"": ""Point"", ""coordinates"": [-123.06979076, 49.28242758]}";Grandview-Woodland
1111874 BC Ltd;http://app.vancouver.ca/RPS_Net/Default.aspx?num=2121&street=FRANKLIN%20STREET;2121;FRANKLIN STREET;2;50;"{""type"": ""Point"", ""coordinates"": [-123.06106182, 49.28235889]}";Grandview-Woodland
0790462 BC Ltd;http://app.vancouver.ca/RPS_Net/Default.aspx?num=5760&street=FRASER%20STREET;5760;FRASER STREET;1;5;"{""type"": ""Point"", ""coordinates"": [-123.09016753, 49.23226362]}";Sunset
The John Howard Society of the Lower Mainland of BC;http://app.vancouver.ca/RPS_Net/Default.aspx?num=3350&street=FRASER%20STREET;3350;FRASER STREET;3;8;"{""type"": ""Point"", ""coordinates"": [-123.08947179, 49.25506059]}";Kensington-Cedar Cottage
6462 Fraser Developments Inc;http://app.vancouver.ca/RPS_Net/Default.aspx?num=6462&street=FRASER%20STREET;6462;FRASER STREET;3;16;"{""type"": ""Point"", ""coordinates"": [-123.09037135, 49.22585984]}";Sunset
Kapoor Investments Ltd;http://app.vancouver.ca/RPS_Net/Default.aspx?num=999&street=GILFORD%20STREET;999;GILFORD STREET;3;41;"{""type"": ""Point"", ""coordinates"": [-123.14011148, 49.29069167]}";West End
EMK Properties Ltd;http://app.vancouver.ca/RPS_Net/Default.aspx?num=1010&street=GILFORD%20STREET;1010;GILFORD STREET;1;41;"{""type"": ""Point"", ""coordinates"": [-123.14029871, 49.29005189]}";West End
Glen Drive Apartments Ltd;http://app.vancouver.ca/RPS_Net/Default.aspx?num=2325&street=GLEN%20DRIVE;2325;GLEN DRIVE;1;10;"{""type"": ""Point"", ""coordinates"": [-123.08169527, 49.26400214]}";Mount Pleasant
Provincial Rental Housing Corporation;http://app.vancouver.ca/RPS_Net/Default.aspx?num=341&street=GORE%20AVENUE;341;GORE AVENUE;2;27;"{""type"": ""Point"", ""coordinates"": [-123.09778996, 49.28159583]}";Strathcona
Fan Tower South Inc;http://app.vancouver.ca/RPS_Net/Default.aspx?num=609&street=GORE%20AVENUE;609;GORE AVENUE;1;51;"{""type"": ""Point"", ""coordinates"": [-123.09742793, 49.27916523]}";Strathcona
George Fu;http://app.vancouver.ca/RPS_Net/Default.aspx?num=445&street=GORE%20AVENUE;445;GORE AVENUE;9;24;"{""type"": ""Point"", ""coordinates"": [-123.09763888, 49.28048787]}";Strathcona
Karmel Manor Ltd;http://app.vancouver.ca/RPS_Net/Default.aspx?num=1374&street=GRANT%20STREET;1374;GRANT STREET;1;39;"{""type"": ""Point"", ""coordinates"": [-123.07602214, 49.27123139]}";Grandview-Woodland
Salvatore Cois;http://app.vancouver.ca/RPS_Net/Default.aspx?num=1907&street=GRANT%20STREET;1907;GRANT STREET;1;5;"{""type"": ""Point"", ""coordinates"": [-123.06525658, 49.27149576]}";Grandview-Woodland
Jutta Ahmed;http://app.vancouver.ca/RPS_Net/Default.aspx?num=1130&street=GRANVILLE%20STREET;1130;GRANVILLE STREET;5;6;"{""type"": ""Point"", ""coordinates"": [-123.12489479, 49.27762118]}";Downtown
Dranly Holdings Ltd;http://app.vancouver.ca/RPS_Net/Default.aspx?num=2414&street=GRANVILLE%20STREET;2414;GRANVILLE STREET;1;12;"{""type"": ""Point"", ""coordinates"": [-123.13812846, 49.2642284]}";Fairview
Choo Bros Investments Ltd;http://app.vancouver.ca/RPS_Net/Default.aspx?num=2930&street=GRANVILLE%20STREET;2930;GRANVILLE STREET;1;6;"{""type"": ""Point"", ""coordinates"": [-123.13831253, 49.25931681]}";Fairview
1033 Granville Street Holdings Ltd;http://app.vancouver.ca/RPS_Net/Default.aspx?num=1035&street=GRANVILLE%20STREET;1035;GRANVILLE STREET;6;8;"{""type"": ""Point"", ""coordinates"": [-123.1239798, 49.27901282]}";Downtown
Regal Eighty Management Corp;http://app.vancouver.ca/RPS_Net/Default.aspx?num=1046&street=GRANVILLE%20STREET;1046;GRANVILLE STREET;55;82;"{""type"": ""Point"", ""coordinates"": [-123.12339324, 49.27860382]}";Downtown
Provincial Rental Housing Corporation;http://app.vancouver.ca/RPS_Net/Default.aspx?num=1161&street=GRANVILLE%20STREET;1161;GRANVILLE STREET;1;93;"{""type"": ""Point"", ""coordinates"": [-123.12594954, 49.27771178]}";Downtown
Affordable Housing Advisory Association;http://app.vancouver.ca/RPS_Net/Default.aspx?num=1515&street=GRANVILLE%20STREET;1515;GRANVILLE STREET;8;84;"{""type"": ""Point"", ""coordinates"": [-123.13159007, 49.27394656]}";Downtown
M Block Holdings Ltd;http://app.vancouver.ca/RPS_Net/Default.aspx?num=8710&street=GRANVILLE%20STREET;8710;GRANVILLE STREET;1;14;"{""type"": ""Point"", ""coordinates"": [-123.14019174, 49.20690007]}";Marpole
Community Builders Benevolence Group;http://app.vancouver.ca/RPS_Net/Default.aspx?num=1306&street=GRANVILLE%20STREET;1306;GRANVILLE STREET;2;43;"{""type"": ""Point"", ""coordinates"": [-123.12773475, 49.27585292]}";Downtown
Riste Investments Ltd;http://app.vancouver.ca/RPS_Net/Default.aspx?num=553&street=HAMILTON%20STREET;553;HAMILTON STREET;3;28;"{""type"": ""Point"", ""coordinates"": [-123.11229837, 49.28159625]}";Downtown
Arkhu Investment Ltd;http://app.vancouver.ca/RPS_Net/Default.aspx?num=1122&street=HARO%20STREET;1122;HARO STREET;4;84;"{""type"": ""Point"", ""coordinates"": [-123.12661468, 49.28399595]}";West End
Siddoo A K Investments Ltd;http://app.vancouver.ca/RPS_Net/Default.aspx?num=1655&street=HARO%20STREET;1655;HARO STREET;1;89;"{""type"": ""Point"", ""coordinates"": [-123.13387648, 49.28942888]}";West End
IMH 1755 Haro Apartments Ltd;http://app.vancouver.ca/RPS_Net/Default.aspx?num=1755&street=HARO%20STREET;1755;HARO STREET;2;137;"{""type"": ""Point"", ""coordinates"": [-123.13554165, 49.29053218]}";West End
Vancouver Park Lane Towers Ltd;http://app.vancouver.ca/RPS_Net/Default.aspx?num=1825&street=HARO%20STREET;1825;HARO STREET;1;89;"{""type"": ""Point"", ""coordinates"": [-123.13682734, 49.29133602]}";West End
Shelmarjay Holdings Ltd;http://app.vancouver.ca/RPS_Net/Default.aspx?num=1629&street=HARO%20STREET;1629;HARO STREET;1;40;"{""type"": ""Point"", ""coordinates"": [-123.13367947, 49.28930049]}";West End
The Icelandic Care Home HOFN Society;http://app.vancouver.ca/RPS_Net/Default.aspx?num=2020&street=HARRISON%20DRIVE;2020;HARRISON DRIVE;4;77;"{""type"": ""Point"", ""coordinates"": [-123.0639151, 49.2094]}";Victoria-Fraserview
Harwood Place Apartments Limited;http://app.vancouver.ca/RPS_Net/Default.aspx?num=1122&street=HARWOOD%20STREET;1122;HARWOOD STREET;8;39;"{""type"": ""Point"", ""coordinates"": [-123.13429324, 49.27920733]}";West End
1534 Harwood Street (St.Pierre) Ltd;http://app.vancouver.ca/RPS_Net/Default.aspx?num=1534&street=HARWOOD%20STREET;1534;HARWOOD STREET;1;26;"{""type"": ""Point"", ""coordinates"": [-123.14049967, 49.28322387]}";West End
James F Wong & Mary S Wong;http://app.vancouver.ca/RPS_Net/Default.aspx?num=1225&street=HARWOOD%20STREET;1225;HARWOOD STREET;2;6;"{""type"": ""Point"", ""coordinates"": [-123.13582751, 49.28093277]}";West End
EMV Holdings Corp;http://app.vancouver.ca/RPS_Net/Default.aspx?num=1416&street=HARWOOD%20STREET;1416;HARWOOD STREET;2;43;"{""type"": ""Point"", ""coordinates"": [-123.13911951, 49.2823332]}";West End
1050H Holdings Ltd;http://app.vancouver.ca/RPS_Net/Default.aspx?num=1050&street=HARWOOD%20STREET;1050;HARWOOD STREET;4;81;"{""type"": ""Point"", ""coordinates"": [-123.1328388, 49.27826545]}";West End
Manufacturer's Life Insurance Co;http://app.vancouver.ca/RPS_Net/Default.aspx?num=1202&street=HARWOOD%20STREET;1202;HARWOOD STREET;4;90;"{""type"": ""Point"", ""coordinates"": [-123.13597208, 49.28029509]}";West End
Otrun Kneifel & Walter Kneifel;http://app.vancouver.ca/RPS_Net/Default.aspx?num=2820&street=HEATHER%20STREET;2820;HEATHER STREET;1;20;"{""type"": ""Point"", ""coordinates"": [-123.11974713, 49.26017973]}";Fairview
Fairbridge Enterprises Ltd;http://app.vancouver.ca/RPS_Net/Default.aspx?num=8666&street=HEATHER%20STREET;8666;HEATHER STREET;5;23;"{""type"": ""Point"", ""coordinates"": [-123.12385254, 49.20771083]}";Marpole
Netty Prosterman;http://app.vancouver.ca/RPS_Net/Default.aspx?num=8575&street=HEATHER%20STREET;8575;HEATHER STREET;2;21;"{""type"": ""Point"", ""coordinates"": [-123.1248658, 49.20861461]}";Marpole
209 Heatley Avenue Holdings Ltd;http://app.vancouver.ca/RPS_Net/Default.aspx?num=209&street=HEATLEY%20AVENUE;209;HEATLEY AVENUE;2;10;"{""type"": ""Point"", ""coordinates"": [-123.08977891, 49.28272714]}";Strathcona
Brightside Community Homes Foundation;http://app.vancouver.ca/RPS_Net/Default.aspx?num=2975&street=HORLEY%20STREET;2975;HORLEY STREET;2;34;"{""type"": ""Point"", ""coordinates"": [-123.04413053, 49.23966521]}";Renfrew-Collingwood
Atira Women's Resource Society;http://app.vancouver.ca/RPS_Net/Default.aspx?num=1119&street=HORNBY%20STREET;1119;HORNBY STREET;130;87;;
Vancouver Jewish Building Society;http://app.vancouver.ca/RPS_Net/Default.aspx?num=1260&street=HOWE%20STREET;1260;HOWE STREET;4;65;"{""type"": ""Point"", ""coordinates"": [-123.12780759, 49.2770125]}";Downtown
Beng Kim Yeung (Beng Yeung);http://app.vancouver.ca/RPS_Net/Default.aspx?num=8619&street=HUDSON%20STREET;8619;HUDSON STREET;2;10;"{""type"": ""Point"", ""coordinates"": [-123.1350487, 49.20829758]}";Marpole
Sik Ging Huie (Sik-Ging Huie);http://app.vancouver.ca/RPS_Net/Default.aspx?num=306&street=JACKSON%20AVENUE;306;JACKSON AVENUE;1;36;"{""type"": ""Point"", ""coordinates"": [-123.09317028, 49.28189685]}";Strathcona
Whistler Valley Construction Corp Inc;http://app.vancouver.ca/RPS_Net/Default.aspx?num=830&street=JACKSON%20AVENUE;830;JACKSON AVENUE;5;11;"{""type"": ""Point"", ""coordinates"": [-123.09345978, 49.27689726]}";Strathcona
EMV Holdings Corp;http://app.vancouver.ca/RPS_Net/Default.aspx?num=950&street=JERVIS%20STREET;950;JERVIS STREET;4;41;"{""type"": ""Point"", ""coordinates"": [-123.13021598, 49.28566322]}";West End
S A H Properties Ltd;http://app.vancouver.ca/RPS_Net/Default.aspx?num=610&street=JERVIS%20STREET;610;JERVIS STREET;1;50;"{""type"": ""Point"", ""coordinates"": [-123.12584381, 49.28854661]}";Downtown
IMH 1005 Jervis Apartments Ltd;http://app.vancouver.ca/RPS_Net/Default.aspx?num=1005&street=JERVIS%20STREET;1005;JERVIS STREET;5;136;"{""type"": ""Point"", ""coordinates"": [-123.13244789, 49.28496308]}";West End
Aquaterra Management Ltd;http://app.vancouver.ca/RPS_Net/Default.aspx?num=1150&street=JERVIS%20STREET;1150;JERVIS STREET;7;216;"{""type"": ""Point"", ""coordinates"": [-123.13388422, 49.28247471]}";West End
Green Power Real Estate Inc;http://app.vancouver.ca/RPS_Net/Default.aspx?num=5187&street=JOYCE%20STREET;5187;JOYCE STREET;2;5;"{""type"": ""Point"", ""coordinates"": [-123.03273733, 49.23774453]}";Renfrew-Collingwood
Kenneth Sam;http://app.vancouver.ca/RPS_Net/Default.aspx?num=2582&street=KINGSWAY;2582;KINGSWAY;1;5;"{""type"": ""Point"", ""coordinates"": [-123.05268196, 49.23905631]}";Renfrew-Collingwood
Song Xanh Holdings Ltd;http://app.vancouver.ca/RPS_Net/Default.aspx?num=1265&street=KINGSWAY;1265;KINGSWAY;1;6;"{""type"": ""Point"", ""coordinates"": [-123.07855207, 49.25179464]}";Kensington-Cedar Cottage
Superior Holdings Co Ltd;http://app.vancouver.ca/RPS_Net/Default.aspx?num=2535&street=KINGSWAY;2535;KINGSWAY;2;10;"{""type"": ""Point"", ""coordinates"": [-123.0532568, 49.23999952]}";Renfrew-Collingwood
City of Vancouver;http://app.vancouver.ca/RPS_Net/Default.aspx?num=3484&street=KINGSWAY;3484;KINGSWAY;7;123;"{""type"": ""Point"", ""coordinates"": [-123.03124616, 49.23140021]}";Killarney
Shane Kit Chung Cheung (Shane Cheung);http://app.vancouver.ca/RPS_Net/Default.aspx?num=3611&street=KINGSWAY;3611;KINGSWAY;2;7;"{""type"": ""Point"", ""coordinates"": [-123.02555193, 49.23248561]}";Renfrew-Collingwood
1096329 BC Ltd;http://app.vancouver.ca/RPS_Net/Default.aspx?num=7849&street=KNIGHT%20STREET;7849;KNIGHT STREET;1;12;"{""type"": ""Point"", ""coordinates"": [-123.07751815, 49.21330929]}";Sunset
Happy Harvest Inc;http://app.vancouver.ca/RPS_Net/Default.aspx?num=307&street=MAIN%20STREET;307;MAIN STREET;1;9;"{""type"": ""Point"", ""coordinates"": [-123.10009697, 49.28207135]}";Downtown
Northstar International Motor Hotel Ltd;http://app.vancouver.ca/RPS_Net/Default.aspx?num=917&street=MAIN%20STREET;917;MAIN STREET;2;88;"{""type"": ""Point"", ""coordinates"": [-123.10047957, 49.27657253]}";Downtown
ThePorter Residences Investments Inc;http://app.vancouver.ca/RPS_Net/Default.aspx?num=2339&street=MAIN%20STREET;2339;MAIN STREET;1;29;"{""type"": ""Point"", ""coordinates"": [-123.10141092, 49.26399911]}";Mount Pleasant
Kevington Building Corporation Ltd;http://app.vancouver.ca/RPS_Net/Default.aspx?num=4453&street=MAIN%20STREET;4453;MAIN STREET;2;79;"{""type"": ""Point"", ""coordinates"": [-123.10168308, 49.24519925]}";Riley Park
Affordable Housing Advisory Association;http://app.vancouver.ca/RPS_Net/Default.aspx?num=375&street=MAIN%20STREET;375;MAIN STREET;8;76;"{""type"": ""Point"", ""coordinates"": [-123.10011042, 49.28158604]}";Downtown
Wai Hui;http://app.vancouver.ca/RPS_Net/Default.aspx?num=628&street=MAIN%20STREET;628;MAIN STREET;1;10;"{""type"": ""Point"", ""coordinates"": [-123.09929942, 49.27897436]}";Strathcona
Bonnis Development Union Street Limited Partnership;http://app.vancouver.ca/RPS_Net/Default.aspx?num=796&street=MAIN%20STREET;796;MAIN STREET;1;23;"{""type"": ""Point"", ""coordinates"": [-123.0993605, 49.27778623]}";Strathcona
928 Main St Holdings Ltd;http://app.vancouver.ca/RPS_Net/Default.aspx?num=928&street=MAIN%20STREET;928;MAIN STREET;6;42;"{""type"": ""Point"", ""coordinates"": [-123.09947676, 49.27628169]}";Strathcona
Affordable Housing Charitable Association;http://app.vancouver.ca/RPS_Net/Default.aspx?num=1129&street=MAIN%20STREET;1129;MAIN STREET;1;29;"{""type"": ""Point"", ""coordinates"": [-123.10047839, 49.27455606]}";Downtown
Teddy Lai & YanHong Chen;http://app.vancouver.ca/RPS_Net/Default.aspx?num=3616&street=MAIN%20STREET;3616;MAIN STREET;3;6;"{""type"": ""Point"", ""coordinates"": [-123.10057308, 49.25263361]}";Riley Park
Neighbourhood Housing Society;http://app.vancouver.ca/RPS_Net/Default.aspx?num=380&street=MAIN%20STREET;380;MAIN STREET;1;35;"{""type"": ""Point"", ""coordinates"": [-123.09917453, 49.28168215]}";Strathcona
Shun Chi Company Ltd;http://app.vancouver.ca/RPS_Net/Default.aspx?num=507&street=MAIN%20STREET;507;MAIN STREET;5;30;"{""type"": ""Point"", ""coordinates"": [-123.100152, 49.28012653]}";Downtown
Li-Wah Ng & Sik-Wah Ng;http://app.vancouver.ca/RPS_Net/Default.aspx?num=4515&street=MAIN%20STREET;4515;MAIN STREET;7;7;"{""type"": ""Point"", ""coordinates"": [-123.10170576, 49.2442134]}";Riley Park
Lantern Properties Ltd;http://app.vancouver.ca/RPS_Net/Default.aspx?num=2254&street=MCGILL%20STREET;2254;MCGILL STREET;2;35;"{""type"": ""Point"", ""coordinates"": [-123.05896931, 49.28815833]}";Grandview-Woodland
Huntly Investments Ltd;http://app.vancouver.ca/RPS_Net/Default.aspx?num=1218&street=MELVILLE%20STREET;1218;MELVILLE STREET;2;6;"{""type"": ""Point"", ""coordinates"": [-123.1248631, 49.28791398]}";Downtown
Jacqueline Ward;http://app.vancouver.ca/RPS_Net/Default.aspx?num=8656&street=MONTCALM%20STREET;8656;MONTCALM STREET;1;10;"{""type"": ""Point"", ""coordinates"": [-123.13574209, 49.20783025]}";Marpole
Monarch Properties Ltd;http://app.vancouver.ca/RPS_Net/Default.aspx?num=8679&street=MONTCALM%20STREET;8679;MONTCALM STREET;1;9;"{""type"": ""Point"", ""coordinates"": [-123.13663291, 49.20756875]}";Marpole
Donald Nip;http://app.vancouver.ca/RPS_Net/Default.aspx?num=112&street=NANAIMO%20STREET;112;NANAIMO STREET;3;14;"{""type"": ""Point"", ""coordinates"": [-123.05625613, 49.28361978]}";Hastings-Sunrise
Frank Chi-Hung Lee (Frank Lee);http://app.vancouver.ca/RPS_Net/Default.aspx?num=1745&street=NANAIMO%20STREET;1745;NANAIMO STREET;10;5;"{""type"": ""Point"", ""coordinates"": [-123.0570091, 49.26892851]}";Grandview-Woodland
The Bloom Group Community Services Society;http://app.vancouver.ca/RPS_Net/Default.aspx?num=1115&street=NELSON%20STREET;1115;NELSON STREET;8;221;"{""type"": ""Point"", ""coordinates"": [-123.12867658, 49.28327763]}";West End
Samuel Heller Ltd;http://app.vancouver.ca/RPS_Net/Default.aspx?num=1230&street=NELSON%20STREET;1230;NELSON STREET;8;108;"{""type"": ""Point"", ""coordinates"": [-123.13105053, 49.28406067]}";West End
Paul Heller Ltd;http://app.vancouver.ca/RPS_Net/Default.aspx?num=1260&street=NELSON%20STREET;1260;NELSON STREET;6;107;"{""type"": ""Point"", ""coordinates"": [-123.13165589, 49.28444947]}";West End
Shelmarjay Holdings Ltd;http://app.vancouver.ca/RPS_Net/Default.aspx?num=1735&street=NELSON%20STREET;1735;NELSON STREET;1;62;"{""type"": ""Point"", ""coordinates"": [-123.13737457, 49.28890757]}";West End
Seaboard Life Insurance Co;http://app.vancouver.ca/RPS_Net/Default.aspx?num=200&street=NELSON%20STREET;200;NELSON STREET;1;9;"{""type"": ""Point"", ""coordinates"": [-123.11892167, 49.27587844]}";Downtown
Block 81 Holdings Limited;http://app.vancouver.ca/RPS_Net/Default.aspx?num=808&street=NELSON%20STREET;808;NELSON STREET;10;32;"{""type"": ""Point"", ""coordinates"": [-123.12491391, 49.28004085]}";Downtown
HWP 852 Nicola Ltd;http://app.vancouver.ca/RPS_Net/Default.aspx?num=852&street=NICOLA%20STREET;852;NICOLA STREET;1;16;"{""type"": ""Point"", ""coordinates"": [-123.1317802, 49.28795926]}";West End
Dranly Holdings Ltd;http://app.vancouver.ca/RPS_Net/Default.aspx?num=1250&street=NICOLA%20STREET;1250;NICOLA STREET;1;26;"{""type"": ""Point"", ""coordinates"": [-123.13806622, 49.28379391]}";West End
473788 B C Ltd;http://app.vancouver.ca/RPS_Net/Default.aspx?num=3108&street=OAK%20STREET;3108;OAK STREET;4;22;"{""type"": ""Point"", ""coordinates"": [-123.12682456, 49.25762375]}";Fairview
British Columbia Easter Seal Society;http://app.vancouver.ca/RPS_Net/Default.aspx?num=3981&street=OAK%20STREET;3981;OAK STREET;5;49;"{""type"": ""Point"", ""coordinates"": [-123.12801316, 49.25015411]}";Shaughnessy
Sandra F Hayden (Sandra Hayden);http://app.vancouver.ca/RPS_Net/Default.aspx?num=4141&street=OAK%20STREET;4141;OAK STREET;1;12;"{""type"": ""Point"", ""coordinates"": [-123.12799293, 49.24872435]}";Shaughnessy
AP Canada Investment Corporation;http://app.vancouver.ca/RPS_Net/Default.aspx?num=8656&street=OAK%20STREET;8656;OAK STREET;4;34;"{""type"": ""Point"", ""coordinates"": [-123.12986511, 49.2077153]}";Marpole
Golden Pacific Holdings Ltd;http://app.vancouver.ca/RPS_Net/Default.aspx?num=2925&street=OAK%20STREET;2925;OAK STREET;1;7;"{""type"": ""Point"", ""coordinates"": [-123.12702896, 49.25937264]}";Fairview
Robin Graham;http://app.vancouver.ca/RPS_Net/Default.aspx?num=2636&street=ONTARIO%20STREET;2636;ONTARIO STREET;2;8;"{""type"": ""Point"", ""coordinates"": [-123.10465443, 49.26165354]}";Mount Pleasant
Grant Hanson;http://app.vancouver.ca/RPS_Net/Default.aspx?num=2625&street=OXFORD%20STREET;2625;OXFORD STREET;3;5;"{""type"": ""Point"", ""coordinates"": [-123.0512055, 49.28595596]}";Hastings-Sunrise
Winson Estates Ltd;http://app.vancouver.ca/RPS_Net/Default.aspx?num=1101&street=PACIFIC%20STREET;1101;PACIFIC STREET;8;57;"{""type"": ""Point"", ""coordinates"": [-123.13427423, 49.27855929]}";West End
Intra Pacific Buildings Ltd;http://app.vancouver.ca/RPS_Net/Default.aspx?num=1155&street=PACIFIC%20STREET;1155;PACIFIC STREET;7;69;"{""type"": ""Point"", ""coordinates"": [-123.13510391, 49.27908766]}";West End
William Squibb;http://app.vancouver.ca/RPS_Net/Default.aspx?num=1862&street=PARKER%20STREET;1862;PARKER STREET;2;5;"{""type"": ""Point"", ""coordinates"": [-123.0661524, 49.27546075]}";Grandview-Woodland
Plan A - 1168 Pendrell St Ltd;http://app.vancouver.ca/RPS_Net/Default.aspx?num=1168&street=PENDRELL%20STREET;1168;PENDRELL STREET;2;23;"{""type"": ""Point"", ""coordinates"": [-123.13200871, 49.28190481]}";West End
Coast Foundation Society (1974);http://app.vancouver.ca/RPS_Net/Default.aspx?num=1188&street=PENDRELL%20STREET;1188;PENDRELL STREET;1;31;"{""type"": ""Point"", ""coordinates"": [-123.13218028, 49.28215354]}";West End
Thomas Downie Holdings Ltd;http://app.vancouver.ca/RPS_Net/Default.aspx?num=1445&street=PENDRELL%20STREET;1445;PENDRELL STREET;1;43;"{""type"": ""Point"", ""coordinates"": [-123.13576132, 49.28508111]}";West End
Bosa Properties (Thurlow) Inc;http://app.vancouver.ca/RPS_Net/Default.aspx?num=1108&street=PENDRELL%20STREET;1108;PENDRELL STREET;1;162;"{""type"": ""Point"", ""coordinates"": [-123.13073597, 49.28109311]}";West End
Elisabeth Yee;http://app.vancouver.ca/RPS_Net/Default.aspx?num=1775&street=PENDRELL%20STREET;1775;PENDRELL STREET;7;19;"{""type"": ""Point"", ""coordinates"": [-123.14008539, 49.28788565]}";West End
Maiway Investment Ltd;http://app.vancouver.ca/RPS_Net/Default.aspx?num=4195&street=PERRY%20STREET;4195;PERRY STREET;2;10;"{""type"": ""Point"", ""coordinates"": [-123.07170484, 49.24789936]}";Kensington-Cedar Cottage
Richard Maurice Desilets (Richard Desilets);http://app.vancouver.ca/RPS_Net/Default.aspx?num=2456&street=POINT%20GREY%20ROAD;2456;POINT GREY ROAD;1;14;"{""type"": ""Point"", ""coordinates"": [-123.16098993, 49.27329351]}";Kitsilano
Gordon K Chambers (Gordon Chambers);http://app.vancouver.ca/RPS_Net/Default.aspx?num=2464&street=POINT%20GREY%20ROAD;2464;POINT GREY ROAD;1;10;"{""type"": ""Point"", ""coordinates"": [-123.16120164, 49.27329589]}";Kitsilano
The Bloom Group Community Services Society;http://app.vancouver.ca/RPS_Net/Default.aspx?num=329&street=POWELL%20STREET;329;POWELL STREET;1;36;"{""type"": ""Point"", ""coordinates"": [-123.09696743, 49.28339069]}";Strathcona
Lookout Housing and Health Society;http://app.vancouver.ca/RPS_Net/Default.aspx?num=376&street=POWELL%20STREET;376;POWELL STREET;3;50;"{""type"": ""Point"", ""coordinates"": [-123.09604982, 49.28286102]}";Strathcona
Affordable Housing Advisory Association;http://app.vancouver.ca/RPS_Net/Default.aspx?num=43&street=POWELL%20STREET;43;POWELL STREET;2;84;"{""type"": ""Point"", ""coordinates"": [-123.10320433, 49.28340214]}";Downtown
259 Powell Holdings Ltd;http://app.vancouver.ca/RPS_Net/Default.aspx?num=259&street=POWELL%20STREET;259;POWELL STREET;1;35;"{""type"": ""Point"", ""coordinates"": [-123.09810511, 49.28341114]}";Strathcona
0781178 BC Ltd;http://app.vancouver.ca/RPS_Net/Default.aspx?num=316&street=POWELL%20STREET;316;POWELL STREET;1;79;"{""type"": ""Point"", ""coordinates"": [-123.09719122, 49.28288165]}";Strathcona
Cheng Hing Kai (Cheng Kai);http://app.vancouver.ca/RPS_Net/Default.aspx?num=326&street=POWELL%20STREET;326;POWELL STREET;10;39;"{""type"": ""Point"", ""coordinates"": [-123.09698152, 49.28287778]}";Strathcona
The Bloom Group Community Services Society;http://app.vancouver.ca/RPS_Net/Default.aspx?num=377&street=POWELL%20STREET;377;POWELL STREET;1;31;"{""type"": ""Point"", ""coordinates"": [-123.09593061, 49.2833689]}";Strathcona
Atira Women's Resource Society;http://app.vancouver.ca/RPS_Net/Default.aspx?num=1516&street=POWELL%20STREET;1516;POWELL STREET;29;101;"{""type"": ""Point"", ""coordinates"": [-123.07335302, 49.28298396]}";Grandview-Woodland
Port Town Investments (Nominee) Ltd;http://app.vancouver.ca/RPS_Net/Default.aspx?num=1895&street=POWELL%20STREET;1895;POWELL STREET;1;41;"{""type"": ""Point"", ""coordinates"": [-123.06610861, 49.28485538]}";Grandview-Woodland
Raincity Housing and Support Society;http://app.vancouver.ca/RPS_Net/Default.aspx?num=220&street=PRINCESS%20AVENUE;220;PRINCESS AVENUE;5;147;"{""type"": ""Point"", ""coordinates"": [-123.09089702, 49.2827536]}";Strathcona
1085125 BC Ltd;http://app.vancouver.ca/RPS_Net/Default.aspx?num=230&street=PRINCESS%20AVENUE;230;PRINCESS AVENUE;2;13;"{""type"": ""Point"", ""coordinates"": [-123.09119349, 49.28249618]}";Strathcona
PHS Community Services Society;http://app.vancouver.ca/RPS_Net/Default.aspx?num=111&street=PRINCESS%20AVENUE;111;PRINCESS AVENUE;1;139;"{""type"": ""Point"", ""coordinates"": [-123.09179574, 49.28368398]}";Strathcona
Raincity Housing And Support Society;http://app.vancouver.ca/RPS_Net/Default.aspx?num=215&street=PRINCESS%20AVENUE;215;PRINCESS AVENUE;2;46;"{""type"": ""Point"", ""coordinates"": [-123.09173081, 49.2827773]}";Strathcona
Provincial Rental Housing Corporation;http://app.vancouver.ca/RPS_Net/Default.aspx?num=375&street=PRINCESS%20AVENUE;375;PRINCESS AVENUE;1;46;"{""type"": ""Point"", ""coordinates"": [-123.09168097, 49.28148382]}";Strathcona
Hing Mee Society Of Vancouver;http://app.vancouver.ca/RPS_Net/Default.aspx?num=553&street=PRIOR%20STREET;553;PRIOR STREET;1;5;"{""type"": ""Point"", ""coordinates"": [-123.09240937, 49.27687652]}";Strathcona
Trasolini & Eng Construction Ltd;http://app.vancouver.ca/RPS_Net/Default.aspx?num=854&street=RENFREW%20STREET;854;RENFREW STREET;1;5;"{""type"": ""Point"", ""coordinates"": [-123.04364122, 49.27692078]}";Hastings-Sunrise
Trinity Holdings Ltd;http://app.vancouver.ca/RPS_Net/Default.aspx?num=440&street=RICHARDS%20STREET;440;RICHARDS STREET;5;10;"{""type"": ""Point"", ""coordinates"": [-123.11251685, 49.28340384]}";Downtown
Coast Foundation Society (1974);http://app.vancouver.ca/RPS_Net/Default.aspx?num=788&street=RICHARDS%20STREET;788;RICHARDS STREET;7;46;"{""type"": ""Point"", ""coordinates"": [-123.11719556, 49.28038982]}";Downtown
Stormwell Enterprises Ltd;http://app.vancouver.ca/RPS_Net/Default.aspx?num=1012&street=RICHELIEU%20AVENUE;1012;RICHELIEU AVENUE;1;20;"{""type"": ""Point"", ""coordinates"": [-123.12771373, 49.25572069]}";Shaughnessy
Jack Eng;http://app.vancouver.ca/RPS_Net/Default.aspx?num=1030&street=ROBSON%20STREET;1030;ROBSON STREET;1;8;"{""type"": ""Point"", ""coordinates"": [-123.12378721, 49.28354253]}";West End
Harvest Properties Ltd;http://app.vancouver.ca/RPS_Net/Default.aspx?num=1875&street=ROBSON%20STREET;1875;ROBSON STREET;4;81;"{""type"": ""Point"", ""coordinates"": [-123.13634968, 49.29242277]}";West End
Hollyburn Properties (Alberta) Ltd;http://app.vancouver.ca/RPS_Net/Default.aspx?num=1905&street=ROBSON%20STREET;1905;ROBSON STREET;1;101;"{""type"": ""Point"", ""coordinates"": [-123.13699716, 49.29288231]}";West End
Chan Gunn;http://app.vancouver.ca/RPS_Net/Default.aspx?num=1933&street=ROBSON%20STREET;1933;ROBSON STREET;4;107;"{""type"": ""Point"", ""coordinates"": [-123.13733471, 49.29305759]}";West End
629623 BC Ltd;http://app.vancouver.ca/RPS_Net/Default.aspx?num=1100&street=SALSBURY%20DRIVE;1100;SALSBURY DRIVE;1;12;"{""type"": ""Point"", ""coordinates"": [-123.0671286, 49.27456794]}";Grandview-Woodland
Fraser Marine Drive Holdings Inc;http://app.vancouver.ca/RPS_Net/Default.aspx?num=605&street=SE%20MARINE%20DRIVE;605;SE MARINE DRIVE;1;40;"{""type"": ""Point"", ""coordinates"": [-123.09153562, 49.21129068]}";Sunset
Fraser Marine Drive Holdings Inc;http://app.vancouver.ca/RPS_Net/Default.aspx?num=695&street=SE%20MARINE%20DRIVE;695;SE MARINE DRIVE;1;79;"{""type"": ""Point"", ""coordinates"": [-123.09153562, 49.21129068]}";Sunset
Rocky International Investment Ltd;http://app.vancouver.ca/RPS_Net/Default.aspx?num=8655&street=SELKIRK%20STREET;8655;SELKIRK STREET;3;32;"{""type"": ""Point"", ""coordinates"": [-123.1337216, 49.20752955]}";Marpole
bcIMC Realty Corporation;http://app.vancouver.ca/RPS_Net/Default.aspx?num=930&street=SEYMOUR%20STREET;930;SEYMOUR STREET;1;430;"{""type"": ""Point"", ""coordinates"": [-123.12108475, 49.27885485]}";Downtown
City of Vancouver;http://app.vancouver.ca/RPS_Net/Default.aspx?num=1067&street=SEYMOUR%20STREET;1067;SEYMOUR STREET;4;110;"{""type"": ""Point"", ""coordinates"": [-123.12355177, 49.27796805]}";Downtown
Shirley S Lam & Tai Chuen Lam & Yuet Ha Cheung;http://app.vancouver.ca/RPS_Net/Default.aspx?num=1203&street=SEYMOUR%20STREET;1203;SEYMOUR STREET;1;26;"{""type"": ""Point"", ""coordinates"": [-123.12556225, 49.27653564]}";Downtown
John & Allan Enterprises Ltd;http://app.vancouver.ca/RPS_Net/Default.aspx?num=4580&street=SIDNEY%20STREET;4580;SIDNEY STREET;2;10;"{""type"": ""Point"", ""coordinates"": [-123.06332183, 49.24462656]}";Kensington-Cedar Cottage
Golden Spruce Investments Inc;http://app.vancouver.ca/RPS_Net/Default.aspx?num=2772&street=SPRUCE%20STREET;2772;SPRUCE STREET;1;18;"{""type"": ""Point"", ""coordinates"": [-123.12865345, 49.26088068]}";Fairview
Hyung Kim & Ae Kim;http://app.vancouver.ca/RPS_Net/Default.aspx?num=2502&street=ST.%20GEORGE%20STREET;2502;ST. GEORGE STREET;3;12;"{""type"": ""Point"", ""coordinates"": [-123.09275874, 49.26218927]}";Mount Pleasant
Jim Bonnis;http://app.vancouver.ca/RPS_Net/Default.aspx?num=2490&street=STEPHENS%20STREET;2490;STEPHENS STREET;1;30;"{""type"": ""Point"", ""coordinates"": [-123.16617064, 49.26429057]}";Kitsilano
S-1188 Holdings Ltd;http://app.vancouver.ca/RPS_Net/Default.aspx?num=815&street=SW%20MARINE%20DRIVE;815;SW MARINE DRIVE;1;18;"{""type"": ""Point"", ""coordinates"": [-123.12462413, 49.20735565]}";Marpole
Manhattan Co-operative Housing Association;http://app.vancouver.ca/RPS_Net/Default.aspx?num=784&street=THURLOW%20STREET;784;THURLOW STREET;6;44;"{""type"": ""Point"", ""coordinates"": [-123.12435925, 49.28466363]}";West End
Lucky ZA Investments Ltd;http://app.vancouver.ca/RPS_Net/Default.aspx?num=998&street=THURLOW%20STREET;998;THURLOW STREET;2;41;"{""type"": ""Point"", ""coordinates"": [-123.12753466, 49.28254355]}";West End
Tri Street Holdings Ltd;http://app.vancouver.ca/RPS_Net/Default.aspx?num=2381&street=TRINITY%20STREET;2381;TRINITY STREET;1;1;"{""type"": ""Point"", ""coordinates"": [-123.05692667, 49.2895761]}";Grandview-Woodland
Ken Lum;http://app.vancouver.ca/RPS_Net/Default.aspx?num=2236&street=TRINITY%20STREET;2236;TRINITY STREET;3;10;"{""type"": ""Point"", ""coordinates"": [-123.05832958, 49.28906088]}";Grandview-Woodland
Ying Kwan Ng & Chau Ng;http://app.vancouver.ca/RPS_Net/Default.aspx?num=2224&street=TRINITY%20STREET;2224;TRINITY STREET;1;10;"{""type"": ""Point"", ""coordinates"": [-123.05855237, 49.28906166]}";Grandview-Woodland
2065 Triumph Street Developments Ltd;http://app.vancouver.ca/RPS_Net/Default.aspx?num=2065&street=TRIUMPH%20STREET;2065;TRIUMPH STREET;8;15;"{""type"": ""Point"", ""coordinates"": [-123.06189805, 49.28415433]}";Grandview-Woodland
Orr Development Corp;http://app.vancouver.ca/RPS_Net/Default.aspx?num=2115&street=TRIUMPH%20STREET;2115;TRIUMPH STREET;4;18;"{""type"": ""Point"", ""coordinates"": [-123.06101103, 49.28415886]}";Grandview-Woodland
2225 Triumph Apartments Ltd;http://app.vancouver.ca/RPS_Net/Default.aspx?num=2225&street=TRIUMPH%20STREET;2225;TRIUMPH STREET;3;42;"{""type"": ""Point"", ""coordinates"": [-123.05916367, 49.28415354]}";Grandview-Woodland
Hawthorne Charitable Foundation;http://app.vancouver.ca/RPS_Net/Default.aspx?num=1824&street=VENABLES%20STREET;1824;VENABLES STREET;1;7;"{""type"": ""Point"", ""coordinates"": [-123.06696161, 49.27636563]}";Grandview-Woodland
Melanim Investments Inc;http://app.vancouver.ca/RPS_Net/Default.aspx?num=765&street=VICTORIA%20DRIVE;765;VICTORIA DRIVE;3;13;"{""type"": ""Point"", ""coordinates"": [-123.06589258, 49.27775945]}";Grandview-Woodland
Rosalee McRae & Brian Naphtali;http://app.vancouver.ca/RPS_Net/Default.aspx?num=910&street=VICTORIA%20DRIVE;910;VICTORIA DRIVE;1;6;"{""type"": ""Point"", ""coordinates"": [-123.06533946, 49.27643315]}";Grandview-Woodland
John Engleman & Penelope Engleman;http://app.vancouver.ca/RPS_Net/Default.aspx?num=1110&street=VICTORIA%20DRIVE;1110;VICTORIA DRIVE;1;9;"{""type"": ""Point"", ""coordinates"": [-123.06529432, 49.27458287]}";Grandview-Woodland
Thomas Chan;http://app.vancouver.ca/RPS_Net/Default.aspx?num=2816&street=VICTORIA%20DRIVE;2816;VICTORIA DRIVE;5;5;"{""type"": ""Point"", ""coordinates"": [-123.06556134, 49.25920193]}";Kensington-Cedar Cottage
Dr Jamuna L Makhija Inc;http://app.vancouver.ca/RPS_Net/Default.aspx?num=4975&street=VICTORIA%20DRIVE;4975;VICTORIA DRIVE;4;6;"{""type"": ""Point"", ""coordinates"": [-123.06576963, 49.23950463]}";Kensington-Cedar Cottage
King Day Holdings Ltd;http://app.vancouver.ca/RPS_Net/Default.aspx?num=5179&street=VICTORIA%20DRIVE;5179;VICTORIA DRIVE;1;5;"{""type"": ""Point"", ""coordinates"": [-123.06580374, 49.23775679]}";Kensington-Cedar Cottage
Jean Matheson;http://app.vancouver.ca/RPS_Net/Default.aspx?num=5450&street=VINE%20STREET;5450;VINE STREET;3;69;"{""type"": ""Point"", ""coordinates"": [-123.15946059, 49.23683173]}";Arbutus-Ridge
Ajmer Singh Siddoo (Ajmer Siddoo);http://app.vancouver.ca/RPS_Net/Default.aspx?num=1755&street=VINE%20STREET;1755;VINE STREET;2;11;"{""type"": ""Point"", ""coordinates"": [-123.15768183, 49.27021927]}";Kitsilano
Vine Street Properties Ltd;http://app.vancouver.ca/RPS_Net/Default.aspx?num=1550&street=VINE%20STREET;1550;VINE STREET;2;23;"{""type"": ""Point"", ""coordinates"": [-123.15714539, 49.27197642]}";Kitsilano
Yen Hoy Enterprises Ltd Et Al;http://app.vancouver.ca/RPS_Net/Default.aspx?num=2020&street=VINE%20STREET;2020;VINE STREET;2;10;"{""type"": ""Point"", ""coordinates"": [-123.15733051, 49.26793623]}";Kitsilano
Ewa Kaminski;http://app.vancouver.ca/RPS_Net/Default.aspx?num=2295&street=W%201ST%20AVENUE;2295;W 1ST AVENUE;4;11;"{""type"": ""Point"", ""coordinates"": [-123.15717833, 49.27109074]}";Kitsilano
Sanford Housing Society;http://app.vancouver.ca/RPS_Net/Default.aspx?num=215&street=W%202ND%20AVENUE;215;W 2ND AVENUE;4;147;"{""type"": ""Point"", ""coordinates"": [-123.11062365, 49.26909722]}";Mount Pleasant
Climar Development Co Ltd;http://app.vancouver.ca/RPS_Net/Default.aspx?num=2455&street=W%202ND%20AVENUE;2455;W 2ND AVENUE;3;32;"{""type"": ""Point"", ""coordinates"": [-123.16153401, 49.27028051]}";Kitsilano
Chun-Han Yen & Chih-Hsien Yen;http://app.vancouver.ca/RPS_Net/Default.aspx?num=2505&street=W%202ND%20AVENUE;2505;W 2ND AVENUE;2;5;"{""type"": ""Point"", ""coordinates"": [-123.16242454, 49.27029318]}";Kitsilano
Lawrence Jakerov;http://app.vancouver.ca/RPS_Net/Default.aspx?num=2997&street=W%202ND%20AVENUE;2997;W 2ND AVENUE;4;5;"{""type"": ""Point"", ""coordinates"": [-123.17187467, 49.27043991]}";Kitsilano
John Petz;http://app.vancouver.ca/RPS_Net/Default.aspx?num=3142&street=W%202ND%20AVENUE;3142;W 2ND AVENUE;2;6;"{""type"": ""Point"", ""coordinates"": [-123.17481269, 49.26997133]}";Kitsilano
Zoron Investments Ltd;http://app.vancouver.ca/RPS_Net/Default.aspx?num=2355&street=W%203RD%20AVENUE;2355;W 3RD AVENUE;1;10;"{""type"": ""Point"", ""coordinates"": [-123.15877285, 49.26935061]}";Kitsilano
West Third Investments Ltd;http://app.vancouver.ca/RPS_Net/Default.aspx?num=1929&street=W%203RD%20AVENUE;1929;W 3RD AVENUE;11;53;"{""type"": ""Point"", ""coordinates"": [-123.1487218, 49.26920639]}";Kitsilano
Alexander Silvan & Agnes Silvan;http://app.vancouver.ca/RPS_Net/Default.aspx?num=2072&street=W%203RD%20AVENUE;2072;W 3RD AVENUE;2;10;"{""type"": ""Point"", ""coordinates"": [-123.15224993, 49.2687376]}";Kitsilano
Maybern Manor Ltd;http://app.vancouver.ca/RPS_Net/Default.aspx?num=1617&street=W%204TH%20AVENUE;1617;W 4TH AVENUE;4;16;"{""type"": ""Point"", ""coordinates"": [-123.14131051, 49.26812127]}";Fairview
John Balomenos;http://app.vancouver.ca/RPS_Net/Default.aspx?num=2623&street=W%204TH%20AVENUE;2623;W 4TH AVENUE;1;5;"{""type"": ""Point"", ""coordinates"": [-123.16510129, 49.2685424]}";Kitsilano
Kit S Hung & Shuk Y Hung;http://app.vancouver.ca/RPS_Net/Default.aspx?num=3285&street=W%204TH%20AVENUE;3285;W 4TH AVENUE;1;25;"{""type"": ""Point"", ""coordinates"": [-123.17714473, 49.26873991]}";Kitsilano
Earthnest Holding Ltd;http://app.vancouver.ca/RPS_Net/Default.aspx?num=3612&street=W%204TH%20AVENUE;3612;W 4TH AVENUE;1;9;"{""type"": ""Point"", ""coordinates"": [-123.18398764, 49.2683839]}";Kitsilano
Mike Kefalas & Anna Kefalas;http://app.vancouver.ca/RPS_Net/Default.aspx?num=2545&street=W%205TH%20AVENUE;2545;W 5TH AVENUE;1;6;"{""type"": ""Point"", ""coordinates"": [-123.16336613, 49.26769571]}";Kitsilano
Harkerson B C Wholesale Lumber Ltd;http://app.vancouver.ca/RPS_Net/Default.aspx?num=2345&street=W%205TH%20AVENUE;2345;W 5TH AVENUE;1;46;"{""type"": ""Point"", ""coordinates"": [-123.15821264, 49.26761433]}";Kitsilano
Rio Lane Holdings Ltd;http://app.vancouver.ca/RPS_Net/Default.aspx?num=2285&street=W%206TH%20AVENUE;2285;W 6TH AVENUE;2;20;"{""type"": ""Point"", ""coordinates"": [-123.15713146, 49.26672841]}";Kitsilano
Anfrid Enterprises Ltd;http://app.vancouver.ca/RPS_Net/Default.aspx?num=14&street=W%206TH%20AVENUE;14;W 6TH AVENUE;1;5;"{""type"": ""Point"", ""coordinates"": [-123.10529186, 49.26531984]}";Mount Pleasant
0734358 BC Ltd;http://app.vancouver.ca/RPS_Net/Default.aspx?num=2292&street=W%206TH%20AVENUE;2292;W 6TH AVENUE;4;6;"{""type"": ""Point"", ""coordinates"": [-123.15737039, 49.2663071]}";Kitsilano
Barry Shut Sang Seto & Gaye Seto;http://app.vancouver.ca/RPS_Net/Default.aspx?num=1960&street=W%207TH%20AVENUE;1960;W 7TH AVENUE;3;35;"{""type"": ""Point"", ""coordinates"": [-123.1495802, 49.26525728]}";Kitsilano
Surefreeze Refrigeration & Air Condition Ltd;http://app.vancouver.ca/RPS_Net/Default.aspx?num=361&street=W%207TH%20AVENUE;361;W 7TH AVENUE;4;8;"{""type"": ""Point"", ""coordinates"": [-123.11228477, 49.26505724]}";Mount Pleasant
Sanford Housing Society;http://app.vancouver.ca/RPS_Net/Default.aspx?num=1601&street=W%207TH%20AVENUE;1601;W 7TH AVENUE;2;62;"{""type"": ""Point"", ""coordinates"": [-123.14131128, 49.26563829]}";Fairview
Parmjit S Grewal & Naureen K Grewal;http://app.vancouver.ca/RPS_Net/Default.aspx?num=2365&street=W%207TH%20AVENUE;2365;W 7TH AVENUE;1;6;"{""type"": ""Point"", ""coordinates"": [-123.15911233, 49.26592375]}";Kitsilano
Mattan Holdings Ltd;http://app.vancouver.ca/RPS_Net/Default.aspx?num=955&street=W%2010TH%20AVENUE;955;W 10TH AVENUE;5;23;"{""type"": ""Point"", ""coordinates"": [-123.12531689, 49.26266681]}";Fairview
Harold Holdings Ltd;http://app.vancouver.ca/RPS_Net/Default.aspx?num=4325&street=W%2010TH%20AVENUE;4325;W 10TH AVENUE;1;16;"{""type"": ""Point"", ""coordinates"": [-123.20384725, 49.26400391]}";West Point Grey
Mason Investments Ltd;http://app.vancouver.ca/RPS_Net/Default.aspx?num=4660&street=W%2010TH%20AVENUE;4660;W 10TH AVENUE;1;73;"{""type"": ""Point"", ""coordinates"": [-123.21444619, 49.26362541]}";West Point Grey
Blue Island Enterprises Ltd;http://app.vancouver.ca/RPS_Net/Default.aspx?num=110&street=W%2010TH%20AVENUE;110;W 10TH AVENUE;1;35;"{""type"": ""Point"", ""coordinates"": [-123.1071394, 49.26185047]}";Mount Pleasant
Frederick Lee;http://app.vancouver.ca/RPS_Net/Default.aspx?num=1435&street=W%2010TH%20AVENUE;1435;W 10TH AVENUE;1;8;"{""type"": ""Point"", ""coordinates"": [-123.1370146, 49.26286247]}";Fairview
565169 BC Ltd;http://app.vancouver.ca/RPS_Net/Default.aspx?num=1137&street=W%2010TH%20AVENUE;1137;W 10TH AVENUE;1;11;"{""type"": ""Point"", ""coordinates"": [-123.13011527, 49.26274598]}";Fairview
Forbes Apartments Ltd;http://app.vancouver.ca/RPS_Net/Default.aspx?num=1240&street=W%2010TH%20AVENUE;1240;W 10TH AVENUE;1;41;"{""type"": ""Point"", ""coordinates"": [-123.13263487, 49.26226541]}";Fairview
Seaboard Life Insurance Co;http://app.vancouver.ca/RPS_Net/Default.aspx?num=4691&street=W%2010TH%20AVENUE;4691;W 10TH AVENUE;2;30;"{""type"": ""Point"", ""coordinates"": [-123.21470819, 49.26416823]}";West Point Grey
0971967 BC LTD;http://app.vancouver.ca/RPS_Net/Default.aspx?num=1715&street=W%2011TH%20AVENUE;1715;W 11TH AVENUE;1;65;"{""type"": ""Point"", ""coordinates"": [-123.14433299, 49.2620539]}";Fairview
Maria B Pressler (Maria Pressler);http://app.vancouver.ca/RPS_Net/Default.aspx?num=1936&street=W%2012TH%20AVENUE;1936;W 12TH AVENUE;1;5;"{""type"": ""Point"", ""coordinates"": [-123.14913277, 49.26065275]}";Kitsilano
Yuan Yuan (Yuan Yuan);http://app.vancouver.ca/RPS_Net/Default.aspx?num=215&street=W%2012TH%20AVENUE;215;W 12TH AVENUE;1;5;"{""type"": ""Point"", ""coordinates"": [-123.10998199, 49.26057855]}";Mount Pleasant
111 Oakview Inc;http://app.vancouver.ca/RPS_Net/Default.aspx?num=1020&street=W%2012TH%20AVENUE;1020;W 12TH AVENUE;1;26;"{""type"": ""Point"", ""coordinates"": [-123.12761442, 49.2603066]}";Fairview
Huntington Enterprise Ltd;http://app.vancouver.ca/RPS_Net/Default.aspx?num=1610&street=W%2012TH%20AVENUE;1610;W 12TH AVENUE;2;20;"{""type"": ""Point"", ""coordinates"": [-123.14159515, 49.26052445]}";Fairview
Sung Jang & Robert Bodnarchuk;http://app.vancouver.ca/RPS_Net/Default.aspx?num=1993&street=W%2012TH%20AVENUE;1993;W 12TH AVENUE;1;10;"{""type"": ""Point"", ""coordinates"": [-123.15037662, 49.26122855]}";Kitsilano
Plaza 500 Hotels Ltd;http://app.vancouver.ca/RPS_Net/Default.aspx?num=500&street=W%2012TH%20AVENUE;500;W 12TH AVENUE;5;118;"{""type"": ""Point"", ""coordinates"": [-123.11546241, 49.26010361]}";Fairview
Ka Yiu Yu & Shao Ping Yu;http://app.vancouver.ca/RPS_Net/Default.aspx?num=223&street=W%2013TH%20AVENUE;223;W 13TH AVENUE;4;6;"{""type"": ""Point"", ""coordinates"": [-123.11021963, 49.25962439]}";Mount Pleasant
No 198 Cathedral Ventures Ltd;http://app.vancouver.ca/RPS_Net/Default.aspx?num=1510&street=W%2013TH%20AVENUE;1510;W 13TH AVENUE;3;8;"{""type"": ""Point"", ""coordinates"": [-123.13913134, 49.25969973]}";Fairview
Moneyloi Properties Ltd;http://app.vancouver.ca/RPS_Net/Default.aspx?num=1625&street=W%2013TH%20AVENUE;1625;W 13TH AVENUE;4;96;"{""type"": ""Point"", ""coordinates"": [-123.14140669, 49.26012485]}";Fairview
Wong's Apartment Group Inc;http://app.vancouver.ca/RPS_Net/Default.aspx?num=1225&street=W%2013TH%20AVENUE;1225;W 13TH AVENUE;4;15;"{""type"": ""Point"", ""coordinates"": [-123.1321681, 49.25997937]}";Fairview
Karlo Kozy;http://app.vancouver.ca/RPS_Net/Default.aspx?num=1555&street=W%2013TH%20AVENUE;1555;W 13TH AVENUE;4;9;"{""type"": ""Point"", ""coordinates"": [-123.14009659, 49.26010801]}";Fairview
South Granville Holdings Ltd;http://app.vancouver.ca/RPS_Net/Default.aspx?num=1325&street=W%2013TH%20AVENUE;1325;W 13TH AVENUE;5;9;"{""type"": ""Point"", ""coordinates"": [-123.13453625, 49.26001573]}";Fairview
Modavi Enterprises Inc & Mal Investment Inc;http://app.vancouver.ca/RPS_Net/Default.aspx?num=1895&street=W%2014TH%20AVENUE;1895;W 14TH AVENUE;2;5;"{""type"": ""Point"", ""coordinates"": [-123.1480763, 49.25930999]}";Kitsilano
900 West 14th Holdings Inc;http://app.vancouver.ca/RPS_Net/Default.aspx?num=975&street=W%2014TH%20AVENUE;975;W 14TH AVENUE;1;6;"{""type"": ""Point"", ""coordinates"": [-123.12608659, 49.25895901]}";Fairview
G-7 Development Ltd;http://app.vancouver.ca/RPS_Net/Default.aspx?num=1056&street=W%2014TH%20AVENUE;1056;W 14TH AVENUE;1;11;"{""type"": ""Point"", ""coordinates"": [-123.12810568, 49.25844988]}";Fairview
Donald A Silvan (Donald Silvan);http://app.vancouver.ca/RPS_Net/Default.aspx?num=325&street=W%2014TH%20AVENUE;325;W 14TH AVENUE;1;6;"{""type"": ""Point"", ""coordinates"": [-123.11178089, 49.25889697]}";Mount Pleasant
Wimming Canada Ltd;http://app.vancouver.ca/RPS_Net/Default.aspx?num=1107&street=W%2014TH%20AVENUE;1107;W 14TH AVENUE;2;32;"{""type"": ""Point"", ""coordinates"": [-123.12940415, 49.25901645]}";Fairview
0832554 BC Ltd;http://app.vancouver.ca/RPS_Net/Default.aspx?num=1234&street=W%2014TH%20AVENUE;1234;W 14TH AVENUE;3;44;"{""type"": ""Point"", ""coordinates"": [-123.13263231, 49.2585396]}";Fairview
Vancouver Park Lane Towers Ltd;http://app.vancouver.ca/RPS_Net/Default.aspx?num=1255&street=W%2014TH%20AVENUE;1255;W 14TH AVENUE;3;60;"{""type"": ""Point"", ""coordinates"": [-123.13283081, 49.25906694]}";Fairview
Edward K Ellis (Edward Ellis);http://app.vancouver.ca/RPS_Net/Default.aspx?num=1379&street=W%2015TH%20AVENUE;1379;W 15TH AVENUE;2;15;"{""type"": ""Point"", ""coordinates"": [-123.13566243, 49.25819197]}";Fairview
Town House Apartments Ltd;http://app.vancouver.ca/RPS_Net/Default.aspx?num=1500&street=W%2016TH%20AVENUE;1500;W 16TH AVENUE;3;6;"{""type"": ""Point"", ""coordinates"": [-123.13923109, 49.25684093]}";Shaughnessy
Coast Foundation Society (1974);http://app.vancouver.ca/RPS_Net/Default.aspx?num=3595&street=W%2017TH%20AVENUE;3595;W 17TH AVENUE;2;51;"{""type"": ""Point"", ""coordinates"": [-123.18469709, 49.25758303]}";Dunbar-Southlands
1925481 Alberta Ltd;http://app.vancouver.ca/RPS_Net/Default.aspx?num=482&street=W%2017TH%20AVENUE;482;W 17TH AVENUE;1;5;"{""type"": ""Point"", ""coordinates"": [-123.11432284, 49.25555142]}";Riley Park
Manet Investments Limited;http://app.vancouver.ca/RPS_Net/Default.aspx?num=2155&street=W%2038TH%20AVENUE;2155;W 38TH AVENUE;3;28;"{""type"": ""Point"", ""coordinates"": [-123.15668753, 49.237624]}";Arbutus-Ridge
Mivida Holdings Inc;http://app.vancouver.ca/RPS_Net/Default.aspx?num=2133&street=W%2042ND%20AVENUE;2133;W 42ND AVENUE;3;22;"{""type"": ""Point"", ""coordinates"": [-123.15667138, 49.23389009]}";Kerrisdale
Cavalier Manor Holding Co Ltd;http://app.vancouver.ca/RPS_Net/Default.aspx?num=2120&street=W%2044TH%20AVENUE;2120;W 44TH AVENUE;1;46;"{""type"": ""Point"", ""coordinates"": [-123.15729385, 49.2315617]}";Kerrisdale
Goyal Holdings Corp;http://app.vancouver.ca/RPS_Net/Default.aspx?num=1235&street=W%2070TH%20AVENUE;1235;W 70TH AVENUE;1;11;"{""type"": ""Point"", ""coordinates"": [-123.13362076, 49.20875302]}";Marpole
Forestom Corporation;http://app.vancouver.ca/RPS_Net/Default.aspx?num=1339&street=W%2071ST%20AVENUE;1339;W 71ST AVENUE;1;8;"{""type"": ""Point"", ""coordinates"": [-123.13573227, 49.20726355]}";Marpole
Karnall Singh Sidhu (Karnall Sidhu);http://app.vancouver.ca/RPS_Net/Default.aspx?num=1330&street=W%2071ST%20AVENUE;1330;W 71ST AVENUE;12;23;"{""type"": ""Point"", ""coordinates"": [-123.13543011, 49.20672602]}";Marpole
West 71st Avenue Project Ltd;http://app.vancouver.ca/RPS_Net/Default.aspx?num=1379&street=W%2071ST%20AVENUE;1379;W 71ST AVENUE;1;8;"{""type"": ""Point"", ""coordinates"": [-123.13705649, 49.20728669]}";Marpole
Maro Investments Ltd;http://app.vancouver.ca/RPS_Net/Default.aspx?num=2425&street=W%20BROADWAY;2425;W BROADWAY;3;9;"{""type"": ""Point"", ""coordinates"": [-123.16070538, 49.26423538]}";Kitsilano
bcIMC Realty Corporation;http://app.vancouver.ca/RPS_Net/Default.aspx?num=2485&street=W%20BROADWAY;2485;W BROADWAY;4;32;"{""type"": ""Point"", ""coordinates"": [-123.16162334, 49.26426584]}";Kitsilano
Mann Kuan;http://app.vancouver.ca/RPS_Net/Default.aspx?num=11&street=W%20BROADWAY;11;W BROADWAY;1;15;"{""type"": ""Point"", ""coordinates"": [-123.10534961, 49.2632356]}";Mount Pleasant
Lemerald Investment Corp;http://app.vancouver.ca/RPS_Net/Default.aspx?num=1073&street=W%20BROADWAY;1073;W BROADWAY;1;6;"{""type"": ""Point"", ""coordinates"": [-123.12833724, 49.26371814]}";Fairview
On Broadway Holdings Ltd;http://app.vancouver.ca/RPS_Net/Default.aspx?num=1804&street=W%20BROADWAY;1804;W BROADWAY;2;7;"{""type"": ""Point"", ""coordinates"": [-123.14602406, 49.2633996]}";Kitsilano
Anthanasious Voutsilakos & Vasiliki Voutsilakos;http://app.vancouver.ca/RPS_Net/Default.aspx?num=2341&street=W%20BROADWAY;2341;W BROADWAY;1;9;"{""type"": ""Point"", ""coordinates"": [-123.15833774, 49.26420044]}";Kitsilano
Ted Tsoromocos;http://app.vancouver.ca/RPS_Net/Default.aspx?num=2879&street=W%20BROADWAY;2879;W BROADWAY;4;8;"{""type"": ""Point"", ""coordinates"": [-123.16995533, 49.26435474]}";Kitsilano
Petrakis Enterprises Ltd;http://app.vancouver.ca/RPS_Net/Default.aspx?num=3355&street=W%20BROADWAY;3355;W BROADWAY;3;6;"{""type"": ""Point"", ""coordinates"": [-123.17903744, 49.26450788]}";Kitsilano
0697418 BC Ltd;http://app.vancouver.ca/RPS_Net/Default.aspx?num=50&street=W%20CORDOVA%20STREET;50;W CORDOVA STREET;4;136;"{""type"": ""Point"", ""coordinates"": [-123.10585529, 49.2824678]}";Downtown
Fortin Holdings Ltd;http://app.vancouver.ca/RPS_Net/Default.aspx?num=57&street=W%20CORDOVA%20STREET;57;W CORDOVA STREET;3;54;"{""type"": ""Point"", ""coordinates"": [-123.10569211, 49.28299731]}";Downtown
Pacific Coast Arena Inc;http://app.vancouver.ca/RPS_Net/Default.aspx?num=89&street=W%20GEORGIA%20STREET;89;W GEORGIA STREET;1;197;"{""type"": ""Point"", ""coordinates"": [-123.10905516, 49.27774883]}";Downtown
Central City Foundation;http://app.vancouver.ca/RPS_Net/Default.aspx?num=29&street=W%20HASTINGS%20STREET;29;W HASTINGS STREET;37;42;"{""type"": ""Point"", ""coordinates"": [-123.10560541, 49.28199128]}";Downtown
Laurelwood Ventures Inc;http://app.vancouver.ca/RPS_Net/Default.aspx?num=35&street=W%20HASTINGS%20STREET;35;W HASTINGS STREET;9;32;"{""type"": ""Point"", ""coordinates"": [-123.10583167, 49.28203155]}";Downtown
Reliance Properties Ltd;http://app.vancouver.ca/RPS_Net/Default.aspx?num=18&street=W%20HASTINGS%20STREET;18;W HASTINGS STREET;1;30;"{""type"": ""Point"", ""coordinates"": [-123.10520873, 49.28140831]}";Downtown
0927000 B C Ltd;http://app.vancouver.ca/RPS_Net/Default.aspx?num=33&street=W%20HASTINGS%20STREET;33;W HASTINGS STREET;2;31;"{""type"": ""Point"", ""coordinates"": [-123.10570994, 49.28200963]}";Downtown
Grand Union Holdings Ltd;http://app.vancouver.ca/RPS_Net/Default.aspx?num=74&street=W%20HASTINGS%20STREET;74;W HASTINGS STREET;94;35;"{""type"": ""Point"", ""coordinates"": [-123.10683496, 49.28163129]}";Downtown
116 West Hastings Holdings Ltd;http://app.vancouver.ca/RPS_Net/Default.aspx?num=116&street=W%20HASTINGS%20STREET;116;W HASTINGS STREET;1;28;"{""type"": ""Point"", ""coordinates"": [-123.10801449, 49.28184149]}";Downtown
Mina Angelicola;http://app.vancouver.ca/RPS_Net/Default.aspx?num=165&street=W%20PENDER%20STREET;165;W PENDER STREET;1;85;"{""type"": ""Point"", ""coordinates"": [-123.10884749, 49.28168463]}";Downtown
Provincial Rental Housing Corporation;http://app.vancouver.ca/RPS_Net/Default.aspx?num=429&street=W%20PENDER%20STREET;429;W PENDER STREET;13;56;"{""type"": ""Point"", ""coordinates"": [-123.11218735, 49.28326902]}";Downtown
Wall Street Holdings Ltd;http://app.vancouver.ca/RPS_Net/Default.aspx?num=2199&street=WALL%20STREET;2199;WALL STREET;1;28;"{""type"": ""Point"", ""coordinates"": [-123.06049735, 49.28834823]}";Grandview-Woodland
Atira Women's Resource Society;http://app.vancouver.ca/RPS_Net/Default.aspx?num=102&street=WATER%20STREET;102;WATER STREET;2;79;"{""type"": ""Point"", ""coordinates"": [-123.10676792, 49.28364353]}";Downtown
Atira Women's Resource Society;http://app.vancouver.ca/RPS_Net/Default.aspx?num=122&street=WATER%20STREET;122;WATER STREET;117;140;"{""type"": ""Point"", ""coordinates"": [-123.10703834, 49.28369274]}";Downtown
Provincial Rental Housing Corporation;http://app.vancouver.ca/RPS_Net/Default.aspx?num=112&street=WATER%20STREET;112;WATER STREET;2;190;"{""type"": ""Point"", ""coordinates"": [-123.10701237, 49.28363745]}";Downtown
Mrs N R Balfour Estate;http://app.vancouver.ca/RPS_Net/Default.aspx?num=1960&street=WATERLOO%20STREET;1960;WATERLOO STREET;1;8;"{""type"": ""Point"", ""coordinates"": [-123.1793294, 49.26877257]}";Kitsilano
Chee Mon Chu & Jean Chu;http://app.vancouver.ca/RPS_Net/Default.aspx?num=3510&street=WELLINGTON%20AVENUE;3510;WELLINGTON AVENUE;2;5;"{""type"": ""Point"", ""coordinates"": [-123.03005566, 49.23964959]}";Renfrew-Collingwood
Guy Boucher;http://app.vancouver.ca/RPS_Net/Default.aspx?num=1931&street=WILLIAM%20STREET;1931;WILLIAM STREET;4;8;"{""type"": ""Point"", ""coordinates"": [-123.06489132, 49.27388959]}";Grandview-Woodland
John Ma & Augusta Ma;http://app.vancouver.ca/RPS_Net/Default.aspx?num=3538&street=WINDSOR%20STREET;3538;WINDSOR STREET;2;24;"{""type"": ""Point"", ""coordinates"": [-123.08350934, 49.25339172]}";Kensington-Cedar Cottage
Yin F Tong (Yin Tong);http://app.vancouver.ca/RPS_Net/Default.aspx?num=512&street=WOODLAND%20DRIVE;512;WOODLAND DRIVE;1;16;"{""type"": ""Point"", ""coordinates"": [-123.07227322, 49.27995895]}";Grandview-Woodland
PY -1 Investments Ltd;http://app.vancouver.ca/RPS_Net/Default.aspx?num=1601&street=YEW%20STREET;1601;YEW STREET;1;10;"{""type"": ""Point"", ""coordinates"": [-123.15547296, 49.27143843]}";Kitsilano
Amero Investment Capital Ltd;http://app.vancouver.ca/RPS_Net/Default.aspx?num=5926&street=YEW%20STREET;5926;YEW STREET;1;14;"{""type"": ""Point"", ""coordinates"": [-123.15840199, 49.23248387]}";Kerrisdale
Janet Wai Chun Li (Janet Li);http://app.vancouver.ca/RPS_Net/Default.aspx?num=5616&street=YEW%20STREET;5616;YEW STREET;2;13;"{""type"": ""Point"", ""coordinates"": [-123.1573473, 49.2354197]}";Arbutus-Ridge
Vine Enterprises Ltd;http://app.vancouver.ca/RPS_Net/Default.aspx?num=6001&street=YEW%20STREET;6001;YEW STREET;1;36;"{""type"": ""Point"", ""coordinates"": [-123.15903606, 49.23196722]}";Kerrisdale
York Street Properties Ltd;http://app.vancouver.ca/RPS_Net/Default.aspx?num=2275&street=YORK%20AVENUE;2275;YORK AVENUE;1;9;"{""type"": ""Point"", ""coordinates"": [-123.15672405, 49.27196887]}";Kitsilano
2425 York Nominee Ltd;http://app.vancouver.ca/RPS_Net/Default.aspx?num=2425&street=YORK%20AVENUE;2425;YORK AVENUE;2;24;"{""type"": ""Point"", ""coordinates"": [-123.16041381, 49.27202683]}";Kitsilano
John Cantrell;http://app.vancouver.ca/RPS_Net/Default.aspx?num=2525&street=YORK%20AVENUE;2525;YORK AVENUE;1;11;"{""type"": ""Point"", ""coordinates"": [-123.16278802, 49.27206389]}";Kitsilano
Mike Ka Ming Chu & Be Wah Stella Yu;http://app.vancouver.ca/RPS_Net/Default.aspx?num=2011&street=YORK%20AVENUE;2011;YORK AVENUE;4;10;"{""type"": ""Point"", ""coordinates"": [-123.15073073, 49.27187289]}";Kitsilano
New York Apartment Holdings Inc;http://app.vancouver.ca/RPS_Net/Default.aspx?num=2341&street=YORK%20AVENUE;2341;YORK AVENUE;7;29;"{""type"": ""Point"", ""coordinates"": [-123.15867202, 49.27200227]}";Kitsilano
Wall Financial Corporation;http://app.vancouver.ca/RPS_Net/Default.aspx?num=2336&street=YORK%20AVENUE;2336;YORK AVENUE;1;35;"{""type"": ""Point"", ""coordinates"": [-123.15827528, 49.27148374]}";Kitsilano
Martin & Susan Sally;http://app.vancouver.ca/RPS_Net/Default.aspx?num=2366&street=YORK%20AVENUE;2366;YORK AVENUE;3;11;"{""type"": ""Point"", ""coordinates"": [-123.15889254, 49.27149415]}";Kitsilano
York Avenue Investments Ltd;http://app.vancouver.ca/RPS_Net/Default.aspx?num=2476&street=YORK%20AVENUE;2476;YORK AVENUE;1;58;"{""type"": ""Point"", ""coordinates"": [-123.16189209, 49.2715439]}";Kitsilano
Community Living Society;http://app.vancouver.ca/RPS_Net/Default.aspx?num=3460&street=YUKON%20STREET;3460;YUKON STREET;1;5;"{""type"": ""Point"", ""coordinates"": [-123.11214974, 49.25417327]}";Riley Park
